id,week,month,monthofyear,year
20160101,2016W53,201601,01,2016
20160102,2016W53,201601,01,2016
20160103,2016W53,201601,01,2016
20160104,2016W01,201601,01,2016
20160105,2016W01,201601,01,2016
20160106,2016W01,201601,01,2016
20160107,2016W01,201601,01,2016
20160108,2016W01,201601,01,2016
20160109,2016W01,201601,01,2016
20160110,2016W01,201601,01,2016
20160111,2016W02,201601,01,2016
20160112,2016W02,201601,01,2016
20160113,2016W02,201601,01,2016
20160114,2016W02,201601,01,2016
20160115,2016W02,201601,01,2016
20160116,2016W02,201601,01,2016
20160117,2016W02,201601,01,2016
20160118,2016W03,201601,01,2016
20160119,2016W03,201601,01,2016
20160120,2016W03,201601,01,2016
20160121,2016W03,201601,01,2016
20160122,2016W03,201601,01,2016
20160123,2016W03,201601,01,2016
20160124,2016W03,201601,01,2016
20160125,2016W04,201601,01,2016
20160126,2016W04,201601,01,2016
20160127,2016W04,201601,01,2016
20160128,2016W04,201601,01,2016
20160129,2016W04,201601,01,2016
20160130,2016W04,201601,01,2016
20160131,2016W04,201601,01,2016
20160201,2016W05,201602,02,2016
20160202,2016W05,201602,02,2016
20160203,2016W05,201602,02,2016
20160204,2016W05,201602,02,2016
20160205,2016W05,201602,02,2016
20160206,2016W05,201602,02,2016
20160207,2016W05,201602,02,2016
20160208,2016W06,201602,02,2016
20160209,2016W06,201602,02,2016
20160210,2016W06,201602,02,2016
20160211,2016W06,201602,02,2016
20160212,2016W06,201602,02,2016
20160213,2016W06,201602,02,2016
20160214,2016W06,201602,02,2016
20160215,2016W07,201602,02,2016
20160216,2016W07,201602,02,2016
20160217,2016W07,201602,02,2016
20160218,2016W07,201602,02,2016
20160219,2016W07,201602,02,2016
20160220,2016W07,201602,02,2016
20160221,2016W07,201602,02,2016
20160222,2016W08,201602,02,2016
20160223,2016W08,201602,02,2016
20160224,2016W08,201602,02,2016
20160225,2016W08,201602,02,2016
20160226,2016W08,201602,02,2016
20160227,2016W08,201602,02,2016
20160228,2016W08,201602,02,2016
20160229,2016W09,201602,02,2016
20160301,2016W09,201603,03,2016
20160302,2016W09,201603,03,2016
20160303,2016W09,201603,03,2016
20160304,2016W09,201603,03,2016
20160305,2016W09,201603,03,2016
20160306,2016W09,201603,03,2016
20160307,2016W10,201603,03,2016
20160308,2016W10,201603,03,2016
20160309,2016W10,201603,03,2016
20160310,2016W10,201603,03,2016
20160311,2016W10,201603,03,2016
20160312,2016W10,201603,03,2016
20160313,2016W10,201603,03,2016
20160314,2016W11,201603,03,2016
20160315,2016W11,201603,03,2016
20160316,2016W11,201603,03,2016
20160317,2016W11,201603,03,2016
20160318,2016W11,201603,03,2016
20160319,2016W11,201603,03,2016
20160320,2016W11,201603,03,2016
20160321,2016W12,201603,03,2016
20160322,2016W12,201603,03,2016
20160323,2016W12,201603,03,2016
20160324,2016W12,201603,03,2016
20160325,2016W12,201603,03,2016
20160326,2016W12,201603,03,2016
20160327,2016W12,201603,03,2016
20160328,2016W13,201603,03,2016
20160329,2016W13,201603,03,2016
20160330,2016W13,201603,03,2016
20160331,2016W13,201603,03,2016
20160401,2016W13,201604,04,2016
20160402,2016W13,201604,04,2016
20160403,2016W13,201604,04,2016
20160404,2016W14,201604,04,2016
20160405,2016W14,201604,04,2016
20160406,2016W14,201604,04,2016
20160407,2016W14,201604,04,2016
20160408,2016W14,201604,04,2016
20160409,2016W14,201604,04,2016
20160410,2016W14,201604,04,2016
20160411,2016W15,201604,04,2016
20160412,2016W15,201604,04,2016
20160413,2016W15,201604,04,2016
20160414,2016W15,201604,04,2016
20160415,2016W15,201604,04,2016
20160416,2016W15,201604,04,2016
20160417,2016W15,201604,04,2016
20160418,2016W16,201604,04,2016
20160419,2016W16,201604,04,2016
20160420,2016W16,201604,04,2016
20160421,2016W16,201604,04,2016
20160422,2016W16,201604,04,2016
20160423,2016W16,201604,04,2016
20160424,2016W16,201604,04,2016
20160425,2016W17,201604,04,2016
20160426,2016W17,201604,04,2016
20160427,2016W17,201604,04,2016
20160428,2016W17,201604,04,2016
20160429,2016W17,201604,04,2016
20160430,2016W17,201604,04,2016
20160501,2016W17,201605,05,2016
20160502,2016W18,201605,05,2016
20160503,2016W18,201605,05,2016
20160504,2016W18,201605,05,2016
20160505,2016W18,201605,05,2016
20160506,2016W18,201605,05,2016
20160507,2016W18,201605,05,2016
20160508,2016W18,201605,05,2016
20160509,2016W19,201605,05,2016
20160510,2016W19,201605,05,2016
20160511,2016W19,201605,05,2016
20160512,2016W19,201605,05,2016
20160513,2016W19,201605,05,2016
20160514,2016W19,201605,05,2016
20160515,2016W19,201605,05,2016
20160516,2016W20,201605,05,2016
20160517,2016W20,201605,05,2016
20160518,2016W20,201605,05,2016
20160519,2016W20,201605,05,2016
20160520,2016W20,201605,05,2016
20160521,2016W20,201605,05,2016
20160522,2016W20,201605,05,2016
20160523,2016W21,201605,05,2016
20160524,2016W21,201605,05,2016
20160525,2016W21,201605,05,2016
20160526,2016W21,201605,05,2016
20160527,2016W21,201605,05,2016
20160528,2016W21,201605,05,2016
20160529,2016W21,201605,05,2016
20160530,2016W22,201605,05,2016
20160531,2016W22,201605,05,2016
20160601,2016W22,201606,06,2016
20160602,2016W22,201606,06,2016
20160603,2016W22,201606,06,2016
20160604,2016W22,201606,06,2016
20160605,2016W22,201606,06,2016
20160606,2016W23,201606,06,2016
20160607,2016W23,201606,06,2016
20160608,2016W23,201606,06,2016
20160609,2016W23,201606,06,2016
20160610,2016W23,201606,06,2016
20160611,2016W23,201606,06,2016
20160612,2016W23,201606,06,2016
20160613,2016W24,201606,06,2016
20160614,2016W24,201606,06,2016
20160615,2016W24,201606,06,2016
20160616,2016W24,201606,06,2016
20160617,2016W24,201606,06,2016
20160618,2016W24,201606,06,2016
20160619,2016W24,201606,06,2016
20160620,2016W25,201606,06,2016
20160621,2016W25,201606,06,2016
20160622,2016W25,201606,06,2016
20160623,2016W25,201606,06,2016
20160624,2016W25,201606,06,2016
20160625,2016W25,201606,06,2016
20160626,2016W25,201606,06,2016
20160627,2016W26,201606,06,2016
20160628,2016W26,201606,06,2016
20160629,2016W26,201606,06,2016
20160630,2016W26,201606,06,2016
20160701,2016W26,201607,07,2016
20160702,2016W26,201607,07,2016
20160703,2016W26,201607,07,2016
20160704,2016W27,201607,07,2016
20160705,2016W27,201607,07,2016
20160706,2016W27,201607,07,2016
20160707,2016W27,201607,07,2016
20160708,2016W27,201607,07,2016
20160709,2016W27,201607,07,2016
20160710,2016W27,201607,07,2016
20160711,2016W28,201607,07,2016
20160712,2016W28,201607,07,2016
20160713,2016W28,201607,07,2016
20160714,2016W28,201607,07,2016
20160715,2016W28,201607,07,2016
20160716,2016W28,201607,07,2016
20160717,2016W28,201607,07,2016
20160718,2016W29,201607,07,2016
20160719,2016W29,201607,07,2016
20160720,2016W29,201607,07,2016
20160721,2016W29,201607,07,2016
20160722,2016W29,201607,07,2016
20160723,2016W29,201607,07,2016
20160724,2016W29,201607,07,2016
20160725,2016W30,201607,07,2016
20160726,2016W30,201607,07,2016
20160727,2016W30,201607,07,2016
20160728,2016W30,201607,07,2016
20160729,2016W30,201607,07,2016
20160730,2016W30,201607,07,2016
20160731,2016W30,201607,07,2016
20160801,2016W31,201608,08,2016
20160802,2016W31,201608,08,2016
20160803,2016W31,201608,08,2016
20160804,2016W31,201608,08,2016
20160805,2016W31,201608,08,2016
20160806,2016W31,201608,08,2016
20160807,2016W31,201608,08,2016
20160808,2016W32,201608,08,2016
20160809,2016W32,201608,08,2016
20160810,2016W32,201608,08,2016
20160811,2016W32,201608,08,2016
20160812,2016W32,201608,08,2016
20160813,2016W32,201608,08,2016
20160814,2016W32,201608,08,2016
20160815,2016W33,201608,08,2016
20160816,2016W33,201608,08,2016
20160817,2016W33,201608,08,2016
20160818,2016W33,201608,08,2016
20160819,2016W33,201608,08,2016
20160820,2016W33,201608,08,2016
20160821,2016W33,201608,08,2016
20160822,2016W34,201608,08,2016
20160823,2016W34,201608,08,2016
20160824,2016W34,201608,08,2016
20160825,2016W34,201608,08,2016
20160826,2016W34,201608,08,2016
20160827,2016W34,201608,08,2016
20160828,2016W34,201608,08,2016
20160829,2016W35,201608,08,2016
20160830,2016W35,201608,08,2016
20160831,2016W35,201608,08,2016
20160901,2016W35,201609,09,2016
20160902,2016W35,201609,09,2016
20160903,2016W35,201609,09,2016
20160904,2016W35,201609,09,2016
20160905,2016W36,201609,09,2016
20160906,2016W36,201609,09,2016
20160907,2016W36,201609,09,2016
20160908,2016W36,201609,09,2016
20160909,2016W36,201609,09,2016
20160910,2016W36,201609,09,2016
20160911,2016W36,201609,09,2016
20160912,2016W37,201609,09,2016
20160913,2016W37,201609,09,2016
20160914,2016W37,201609,09,2016
20160915,2016W37,201609,09,2016
20160916,2016W37,201609,09,2016
20160917,2016W37,201609,09,2016
20160918,2016W37,201609,09,2016
20160919,2016W38,201609,09,2016
20160920,2016W38,201609,09,2016
20160921,2016W38,201609,09,2016
20160922,2016W38,201609,09,2016
20160923,2016W38,201609,09,2016
20160924,2016W38,201609,09,2016
20160925,2016W38,201609,09,2016
20160926,2016W39,201609,09,2016
20160927,2016W39,201609,09,2016
20160928,2016W39,201609,09,2016
20160929,2016W39,201609,09,2016
20160930,2016W39,201609,09,2016
20161001,2016W39,201610,10,2016
20161002,2016W39,201610,10,2016
20161003,2016W40,201610,10,2016
20161004,2016W40,201610,10,2016
20161005,2016W40,201610,10,2016
20161006,2016W40,201610,10,2016
20161007,2016W40,201610,10,2016
20161008,2016W40,201610,10,2016
20161009,2016W40,201610,10,2016
20161010,2016W41,201610,10,2016
20161011,2016W41,201610,10,2016
20161012,2016W41,201610,10,2016
20161013,2016W41,201610,10,2016
20161014,2016W41,201610,10,2016
20161015,2016W41,201610,10,2016
20161016,2016W41,201610,10,2016
20161017,2016W42,201610,10,2016
20161018,2016W42,201610,10,2016
20161019,2016W42,201610,10,2016
20161020,2016W42,201610,10,2016
20161021,2016W42,201610,10,2016
20161022,2016W42,201610,10,2016
20161023,2016W42,201610,10,2016
20161024,2016W43,201610,10,2016
20161025,2016W43,201610,10,2016
20161026,2016W43,201610,10,2016
20161027,2016W43,201610,10,2016
20161028,2016W43,201610,10,2016
20161029,2016W43,201610,10,2016
20161030,2016W43,201610,10,2016
20161031,2016W44,201610,10,2016
20161101,2016W44,201611,11,2016
20161102,2016W44,201611,11,2016
20161103,2016W44,201611,11,2016
20161104,2016W44,201611,11,2016
20161105,2016W44,201611,11,2016
20161106,2016W44,201611,11,2016
20161107,2016W45,201611,11,2016
20161108,2016W45,201611,11,2016
20161109,2016W45,201611,11,2016
20161110,2016W45,201611,11,2016
20161111,2016W45,201611,11,2016
20161112,2016W45,201611,11,2016
20161113,2016W45,201611,11,2016
20161114,2016W46,201611,11,2016
20161115,2016W46,201611,11,2016
20161116,2016W46,201611,11,2016
20161117,2016W46,201611,11,2016
20161118,2016W46,201611,11,2016
20161119,2016W46,201611,11,2016
20161120,2016W46,201611,11,2016
20161121,2016W47,201611,11,2016
20161122,2016W47,201611,11,2016
20161123,2016W47,201611,11,2016
20161124,2016W47,201611,11,2016
20161125,2016W47,201611,11,2016
20161126,2016W47,201611,11,2016
20161127,2016W47,201611,11,2016
20161128,2016W48,201611,11,2016
20161129,2016W48,201611,11,2016
20161130,2016W48,201611,11,2016
20161201,2016W48,201612,12,2016
20161202,2016W48,201612,12,2016
20161203,2016W48,201612,12,2016
20161204,2016W48,201612,12,2016
20161205,2016W49,201612,12,2016
20161206,2016W49,201612,12,2016
20161207,2016W49,201612,12,2016
20161208,2016W49,201612,12,2016
20161209,2016W49,201612,12,2016
20161210,2016W49,201612,12,2016
20161211,2016W49,201612,12,2016
20161212,2016W50,201612,12,2016
20161213,2016W50,201612,12,2016
20161214,2016W50,201612,12,2016
20161215,2016W50,201612,12,2016
20161216,2016W50,201612,12,2016
20161217,2016W50,201612,12,2016
20161218,2016W50,201612,12,2016
20161219,2016W51,201612,12,2016
20161220,2016W51,201612,12,2016
20161221,2016W51,201612,12,2016
20161222,2016W51,201612,12,2016
20161223,2016W51,201612,12,2016
20161224,2016W51,201612,12,2016
20161225,2016W51,201612,12,2016
20161226,2016W52,201612,12,2016
20161227,2016W52,201612,12,2016
20161228,2016W52,201612,12,2016
20161229,2016W52,201612,12,2016
20161230,2016W52,201612,12,2016
20161231,2016W52,201612,12,2016
20170101,2017W52,201701,01,2017
20170102,2017W01,201701,01,2017
20170103,2017W01,201701,01,2017
20170104,2017W01,201701,01,2017
20170105,2017W01,201701,01,2017
20170106,2017W01,201701,01,2017
20170107,2017W01,201701,01,2017
20170108,2017W01,201701,01,2017
20170109,2017W02,201701,01,2017
20170110,2017W02,201701,01,2017
20170111,2017W02,201701,01,2017
20170112,2017W02,201701,01,2017
20170113,2017W02,201701,01,2017
20170114,2017W02,201701,01,2017
20170115,2017W02,201701,01,2017
20170116,2017W03,201701,01,2017
20170117,2017W03,201701,01,2017
20170118,2017W03,201701,01,2017
20170119,2017W03,201701,01,2017
20170120,2017W03,201701,01,2017
20170121,2017W03,201701,01,2017
20170122,2017W03,201701,01,2017
20170123,2017W04,201701,01,2017
20170124,2017W04,201701,01,2017
20170125,2017W04,201701,01,2017
20170126,2017W04,201701,01,2017
20170127,2017W04,201701,01,2017
20170128,2017W04,201701,01,2017
20170129,2017W04,201701,01,2017
20170130,2017W05,201701,01,2017
20170131,2017W05,201701,01,2017
20170201,2017W05,201702,02,2017
20170202,2017W05,201702,02,2017
20170203,2017W05,201702,02,2017
20170204,2017W05,201702,02,2017
20170205,2017W05,201702,02,2017
20170206,2017W06,201702,02,2017
20170207,2017W06,201702,02,2017
20170208,2017W06,201702,02,2017
20170209,2017W06,201702,02,2017
20170210,2017W06,201702,02,2017
20170211,2017W06,201702,02,2017
20170212,2017W06,201702,02,2017
20170213,2017W07,201702,02,2017
20170214,2017W07,201702,02,2017
20170215,2017W07,201702,02,2017
20170216,2017W07,201702,02,2017
20170217,2017W07,201702,02,2017
20170218,2017W07,201702,02,2017
20170219,2017W07,201702,02,2017
20170220,2017W08,201702,02,2017
20170221,2017W08,201702,02,2017
20170222,2017W08,201702,02,2017
20170223,2017W08,201702,02,2017
20170224,2017W08,201702,02,2017
20170225,2017W08,201702,02,2017
20170226,2017W08,201702,02,2017
20170227,2017W09,201702,02,2017
20170228,2017W09,201702,02,2017
20170301,2017W09,201703,03,2017
20170302,2017W09,201703,03,2017
20170303,2017W09,201703,03,2017
20170304,2017W09,201703,03,2017
20170305,2017W09,201703,03,2017
20170306,2017W10,201703,03,2017
20170307,2017W10,201703,03,2017
20170308,2017W10,201703,03,2017
20170309,2017W10,201703,03,2017
20170310,2017W10,201703,03,2017
20170311,2017W10,201703,03,2017
20170312,2017W10,201703,03,2017
20170313,2017W11,201703,03,2017
20170314,2017W11,201703,03,2017
20170315,2017W11,201703,03,2017
20170316,2017W11,201703,03,2017
20170317,2017W11,201703,03,2017
20170318,2017W11,201703,03,2017
20170319,2017W11,201703,03,2017
20170320,2017W12,201703,03,2017
20170321,2017W12,201703,03,2017
20170322,2017W12,201703,03,2017
20170323,2017W12,201703,03,2017
20170324,2017W12,201703,03,2017
20170325,2017W12,201703,03,2017
20170326,2017W12,201703,03,2017
20170327,2017W13,201703,03,2017
20170328,2017W13,201703,03,2017
20170329,2017W13,201703,03,2017
20170330,2017W13,201703,03,2017
20170331,2017W13,201703,03,2017
20170401,2017W13,201704,04,2017
20170402,2017W13,201704,04,2017
20170403,2017W14,201704,04,2017
20170404,2017W14,201704,04,2017
20170405,2017W14,201704,04,2017
20170406,2017W14,201704,04,2017
20170407,2017W14,201704,04,2017
20170408,2017W14,201704,04,2017
20170409,2017W14,201704,04,2017
20170410,2017W15,201704,04,2017
20170411,2017W15,201704,04,2017
20170412,2017W15,201704,04,2017
20170413,2017W15,201704,04,2017
20170414,2017W15,201704,04,2017
20170415,2017W15,201704,04,2017
20170416,2017W15,201704,04,2017
20170417,2017W16,201704,04,2017
20170418,2017W16,201704,04,2017
20170419,2017W16,201704,04,2017
20170420,2017W16,201704,04,2017
20170421,2017W16,201704,04,2017
20170422,2017W16,201704,04,2017
20170423,2017W16,201704,04,2017
20170424,2017W17,201704,04,2017
20170425,2017W17,201704,04,2017
20170426,2017W17,201704,04,2017
20170427,2017W17,201704,04,2017
20170428,2017W17,201704,04,2017
20170429,2017W17,201704,04,2017
20170430,2017W17,201704,04,2017
20170501,2017W18,201705,05,2017
20170502,2017W18,201705,05,2017
20170503,2017W18,201705,05,2017
20170504,2017W18,201705,05,2017
20170505,2017W18,201705,05,2017
20170506,2017W18,201705,05,2017
20170507,2017W18,201705,05,2017
20170508,2017W19,201705,05,2017
20170509,2017W19,201705,05,2017
20170510,2017W19,201705,05,2017
20170511,2017W19,201705,05,2017
20170512,2017W19,201705,05,2017
20170513,2017W19,201705,05,2017
20170514,2017W19,201705,05,2017
20170515,2017W20,201705,05,2017
20170516,2017W20,201705,05,2017
20170517,2017W20,201705,05,2017
20170518,2017W20,201705,05,2017
20170519,2017W20,201705,05,2017
20170520,2017W20,201705,05,2017
20170521,2017W20,201705,05,2017
20170522,2017W21,201705,05,2017
20170523,2017W21,201705,05,2017
20170524,2017W21,201705,05,2017
20170525,2017W21,201705,05,2017
20170526,2017W21,201705,05,2017
20170527,2017W21,201705,05,2017
20170528,2017W21,201705,05,2017
20170529,2017W22,201705,05,2017
20170530,2017W22,201705,05,2017
20170531,2017W22,201705,05,2017
20170601,2017W22,201706,06,2017
20170602,2017W22,201706,06,2017
20170603,2017W22,201706,06,2017
20170604,2017W22,201706,06,2017
20170605,2017W23,201706,06,2017
20170606,2017W23,201706,06,2017
20170607,2017W23,201706,06,2017
20170608,2017W23,201706,06,2017
20170609,2017W23,201706,06,2017
20170610,2017W23,201706,06,2017
20170611,2017W23,201706,06,2017
20170612,2017W24,201706,06,2017
20170613,2017W24,201706,06,2017
20170614,2017W24,201706,06,2017
20170615,2017W24,201706,06,2017
20170616,2017W24,201706,06,2017
20170617,2017W24,201706,06,2017
20170618,2017W24,201706,06,2017
20170619,2017W25,201706,06,2017
20170620,2017W25,201706,06,2017
20170621,2017W25,201706,06,2017
20170622,2017W25,201706,06,2017
20170623,2017W25,201706,06,2017
20170624,2017W25,201706,06,2017
20170625,2017W25,201706,06,2017
20170626,2017W26,201706,06,2017
20170627,2017W26,201706,06,2017
20170628,2017W26,201706,06,2017
20170629,2017W26,201706,06,2017
20170630,2017W26,201706,06,2017
20170701,2017W26,201707,07,2017
20170702,2017W26,201707,07,2017
20170703,2017W27,201707,07,2017
20170704,2017W27,201707,07,2017
20170705,2017W27,201707,07,2017
20170706,2017W27,201707,07,2017
20170707,2017W27,201707,07,2017
20170708,2017W27,201707,07,2017
20170709,2017W27,201707,07,2017
20170710,2017W28,201707,07,2017
20170711,2017W28,201707,07,2017
20170712,2017W28,201707,07,2017
20170713,2017W28,201707,07,2017
20170714,2017W28,201707,07,2017
20170715,2017W28,201707,07,2017
20170716,2017W28,201707,07,2017
20170717,2017W29,201707,07,2017
20170718,2017W29,201707,07,2017
20170719,2017W29,201707,07,2017
20170720,2017W29,201707,07,2017
20170721,2017W29,201707,07,2017
20170722,2017W29,201707,07,2017
20170723,2017W29,201707,07,2017
20170724,2017W30,201707,07,2017
20170725,2017W30,201707,07,2017
20170726,2017W30,201707,07,2017
20170727,2017W30,201707,07,2017
20170728,2017W30,201707,07,2017
20170729,2017W30,201707,07,2017
20170730,2017W30,201707,07,2017
20170731,2017W31,201707,07,2017
20170801,2017W31,201708,08,2017
20170802,2017W31,201708,08,2017
20170803,2017W31,201708,08,2017
20170804,2017W31,201708,08,2017
20170805,2017W31,201708,08,2017
20170806,2017W31,201708,08,2017
20170807,2017W32,201708,08,2017
20170808,2017W32,201708,08,2017
20170809,2017W32,201708,08,2017
20170810,2017W32,201708,08,2017
20170811,2017W32,201708,08,2017
20170812,2017W32,201708,08,2017
20170813,2017W32,201708,08,2017
20170814,2017W33,201708,08,2017
20170815,2017W33,201708,08,2017
20170816,2017W33,201708,08,2017
20170817,2017W33,201708,08,2017
20170818,2017W33,201708,08,2017
20170819,2017W33,201708,08,2017
20170820,2017W33,201708,08,2017
20170821,2017W34,201708,08,2017
20170822,2017W34,201708,08,2017
20170823,2017W34,201708,08,2017
20170824,2017W34,201708,08,2017
20170825,2017W34,201708,08,2017
20170826,2017W34,201708,08,2017
20170827,2017W34,201708,08,2017
20170828,2017W35,201708,08,2017
20170829,2017W35,201708,08,2017
20170830,2017W35,201708,08,2017
20170831,2017W35,201708,08,2017
20170901,2017W35,201709,09,2017
20170902,2017W35,201709,09,2017
20170903,2017W35,201709,09,2017
20170904,2017W36,201709,09,2017
20170905,2017W36,201709,09,2017
20170906,2017W36,201709,09,2017
20170907,2017W36,201709,09,2017
20170908,2017W36,201709,09,2017
20170909,2017W36,201709,09,2017
20170910,2017W36,201709,09,2017
20170911,2017W37,201709,09,2017
20170912,2017W37,201709,09,2017
20170913,2017W37,201709,09,2017
20170914,2017W37,201709,09,2017
20170915,2017W37,201709,09,2017
20170916,2017W37,201709,09,2017
20170917,2017W37,201709,09,2017
20170918,2017W38,201709,09,2017
20170919,2017W38,201709,09,2017
20170920,2017W38,201709,09,2017
20170921,2017W38,201709,09,2017
20170922,2017W38,201709,09,2017
20170923,2017W38,201709,09,2017
20170924,2017W38,201709,09,2017
20170925,2017W39,201709,09,2017
20170926,2017W39,201709,09,2017
20170927,2017W39,201709,09,2017
20170928,2017W39,201709,09,2017
20170929,2017W39,201709,09,2017
20170930,2017W39,201709,09,2017
20171001,2017W39,201710,10,2017
20171002,2017W40,201710,10,2017
20171003,2017W40,201710,10,2017
20171004,2017W40,201710,10,2017
20171005,2017W40,201710,10,2017
20171006,2017W40,201710,10,2017
20171007,2017W40,201710,10,2017
20171008,2017W40,201710,10,2017
20171009,2017W41,201710,10,2017
20171010,2017W41,201710,10,2017
20171011,2017W41,201710,10,2017
20171012,2017W41,201710,10,2017
20171013,2017W41,201710,10,2017
20171014,2017W41,201710,10,2017
20171015,2017W41,201710,10,2017
20171016,2017W42,201710,10,2017
20171017,2017W42,201710,10,2017
20171018,2017W42,201710,10,2017
20171019,2017W42,201710,10,2017
20171020,2017W42,201710,10,2017
20171021,2017W42,201710,10,2017
20171022,2017W42,201710,10,2017
20171023,2017W43,201710,10,2017
20171024,2017W43,201710,10,2017
20171025,2017W43,201710,10,2017
20171026,2017W43,201710,10,2017
20171027,2017W43,201710,10,2017
20171028,2017W43,201710,10,2017
20171029,2017W43,201710,10,2017
20171030,2017W44,201710,10,2017
20171031,2017W44,201710,10,2017
20171101,2017W44,201711,11,2017
20171102,2017W44,201711,11,2017
20171103,2017W44,201711,11,2017
20171104,2017W44,201711,11,2017
20171105,2017W44,201711,11,2017
20171106,2017W45,201711,11,2017
20171107,2017W45,201711,11,2017
20171108,2017W45,201711,11,2017
20171109,2017W45,201711,11,2017
20171110,2017W45,201711,11,2017
20171111,2017W45,201711,11,2017
20171112,2017W45,201711,11,2017
20171113,2017W46,201711,11,2017
20171114,2017W46,201711,11,2017
20171115,2017W46,201711,11,2017
20171116,2017W46,201711,11,2017
20171117,2017W46,201711,11,2017
20171118,2017W46,201711,11,2017
20171119,2017W46,201711,11,2017
20171120,2017W47,201711,11,2017
20171121,2017W47,201711,11,2017
20171122,2017W47,201711,11,2017
20171123,2017W47,201711,11,2017
20171124,2017W47,201711,11,2017
20171125,2017W47,201711,11,2017
20171126,2017W47,201711,11,2017
20171127,2017W48,201711,11,2017
20171128,2017W48,201711,11,2017
20171129,2017W48,201711,11,2017
20171130,2017W48,201711,11,2017
20171201,2017W48,201712,12,2017
20171202,2017W48,201712,12,2017
20171203,2017W48,201712,12,2017
20171204,2017W49,201712,12,2017
20171205,2017W49,201712,12,2017
20171206,2017W49,201712,12,2017
20171207,2017W49,201712,12,2017
20171208,2017W49,201712,12,2017
20171209,2017W49,201712,12,2017
20171210,2017W49,201712,12,2017
20171211,2017W50,201712,12,2017
20171212,2017W50,201712,12,2017
20171213,2017W50,201712,12,2017
20171214,2017W50,201712,12,2017
20171215,2017W50,201712,12,2017
20171216,2017W50,201712,12,2017
20171217,2017W50,201712,12,2017
20171218,2017W51,201712,12,2017
20171219,2017W51,201712,12,2017
20171220,2017W51,201712,12,2017
20171221,2017W51,201712,12,2017
20171222,2017W51,201712,12,2017
20171223,2017W51,201712,12,2017
20171224,2017W51,201712,12,2017
20171225,2017W52,201712,12,2017
20171226,2017W52,201712,12,2017
20171227,2017W52,201712,12,2017
20171228,2017W52,201712,12,2017
20171229,2017W52,201712,12,2017
20171230,2017W52,201712,12,2017
20171231,2017W52,201712,12,2017
20180101,2018W01,201801,01,2018
20180102,2018W01,201801,01,2018
20180103,2018W01,201801,01,2018
20180104,2018W01,201801,01,2018
20180105,2018W01,201801,01,2018
20180106,2018W01,201801,01,2018
20180107,2018W01,201801,01,2018
20180108,2018W02,201801,01,2018
20180109,2018W02,201801,01,2018
20180110,2018W02,201801,01,2018
20180111,2018W02,201801,01,2018
20180112,2018W02,201801,01,2018
20180113,2018W02,201801,01,2018
20180114,2018W02,201801,01,2018
20180115,2018W03,201801,01,2018
20180116,2018W03,201801,01,2018
20180117,2018W03,201801,01,2018
20180118,2018W03,201801,01,2018
20180119,2018W03,201801,01,2018
20180120,2018W03,201801,01,2018
20180121,2018W03,201801,01,2018
20180122,2018W04,201801,01,2018
20180123,2018W04,201801,01,2018
20180124,2018W04,201801,01,2018
20180125,2018W04,201801,01,2018
20180126,2018W04,201801,01,2018
20180127,2018W04,201801,01,2018
20180128,2018W04,201801,01,2018
20180129,2018W05,201801,01,2018
20180130,2018W05,201801,01,2018
20180131,2018W05,201801,01,2018
20180201,2018W05,201802,02,2018
20180202,2018W05,201802,02,2018
20180203,2018W05,201802,02,2018
20180204,2018W05,201802,02,2018
20180205,2018W06,201802,02,2018
20180206,2018W06,201802,02,2018
20180207,2018W06,201802,02,2018
20180208,2018W06,201802,02,2018
20180209,2018W06,201802,02,2018
20180210,2018W06,201802,02,2018
20180211,2018W06,201802,02,2018
20180212,2018W07,201802,02,2018
20180213,2018W07,201802,02,2018
20180214,2018W07,201802,02,2018
20180215,2018W07,201802,02,2018
20180216,2018W07,201802,02,2018
20180217,2018W07,201802,02,2018
20180218,2018W07,201802,02,2018
20180219,2018W08,201802,02,2018
20180220,2018W08,201802,02,2018
20180221,2018W08,201802,02,2018
20180222,2018W08,201802,02,2018
20180223,2018W08,201802,02,2018
20180224,2018W08,201802,02,2018
20180225,2018W08,201802,02,2018
20180226,2018W09,201802,02,2018
20180227,2018W09,201802,02,2018
20180228,2018W09,201802,02,2018
20180301,2018W09,201803,03,2018
20180302,2018W09,201803,03,2018
20180303,2018W09,201803,03,2018
20180304,2018W09,201803,03,2018
20180305,2018W10,201803,03,2018
20180306,2018W10,201803,03,2018
20180307,2018W10,201803,03,2018
20180308,2018W10,201803,03,2018
20180309,2018W10,201803,03,2018
20180310,2018W10,201803,03,2018
20180311,2018W10,201803,03,2018
20180312,2018W11,201803,03,2018
20180313,2018W11,201803,03,2018
20180314,2018W11,201803,03,2018
20180315,2018W11,201803,03,2018
20180316,2018W11,201803,03,2018
20180317,2018W11,201803,03,2018
20180318,2018W11,201803,03,2018
20180319,2018W12,201803,03,2018
20180320,2018W12,201803,03,2018
20180321,2018W12,201803,03,2018
20180322,2018W12,201803,03,2018
20180323,2018W12,201803,03,2018
20180324,2018W12,201803,03,2018
20180325,2018W12,201803,03,2018
20180326,2018W13,201803,03,2018
20180327,2018W13,201803,03,2018
20180328,2018W13,201803,03,2018
20180329,2018W13,201803,03,2018
20180330,2018W13,201803,03,2018
20180331,2018W13,201803,03,2018
20180401,2018W13,201804,04,2018
20180402,2018W14,201804,04,2018
20180403,2018W14,201804,04,2018
20180404,2018W14,201804,04,2018
20180405,2018W14,201804,04,2018
20180406,2018W14,201804,04,2018
20180407,2018W14,201804,04,2018
20180408,2018W14,201804,04,2018
20180409,2018W15,201804,04,2018
20180410,2018W15,201804,04,2018
20180411,2018W15,201804,04,2018
20180412,2018W15,201804,04,2018
20180413,2018W15,201804,04,2018
20180414,2018W15,201804,04,2018
20180415,2018W15,201804,04,2018
20180416,2018W16,201804,04,2018
20180417,2018W16,201804,04,2018
20180418,2018W16,201804,04,2018
20180419,2018W16,201804,04,2018
20180420,2018W16,201804,04,2018
20180421,2018W16,201804,04,2018
20180422,2018W16,201804,04,2018
20180423,2018W17,201804,04,2018
20180424,2018W17,201804,04,2018
20180425,2018W17,201804,04,2018
20180426,2018W17,201804,04,2018
20180427,2018W17,201804,04,2018
20180428,2018W17,201804,04,2018
20180429,2018W17,201804,04,2018
20180430,2018W18,201804,04,2018
20180501,2018W18,201805,05,2018
20180502,2018W18,201805,05,2018
20180503,2018W18,201805,05,2018
20180504,2018W18,201805,05,2018
20180505,2018W18,201805,05,2018
20180506,2018W18,201805,05,2018
20180507,2018W19,201805,05,2018
20180508,2018W19,201805,05,2018
20180509,2018W19,201805,05,2018
20180510,2018W19,201805,05,2018
20180511,2018W19,201805,05,2018
20180512,2018W19,201805,05,2018
20180513,2018W19,201805,05,2018
20180514,2018W20,201805,05,2018
20180515,2018W20,201805,05,2018
20180516,2018W20,201805,05,2018
20180517,2018W20,201805,05,2018
20180518,2018W20,201805,05,2018
20180519,2018W20,201805,05,2018
20180520,2018W20,201805,05,2018
20180521,2018W21,201805,05,2018
20180522,2018W21,201805,05,2018
20180523,2018W21,201805,05,2018
20180524,2018W21,201805,05,2018
20180525,2018W21,201805,05,2018
20180526,2018W21,201805,05,2018
20180527,2018W21,201805,05,2018
20180528,2018W22,201805,05,2018
20180529,2018W22,201805,05,2018
20180530,2018W22,201805,05,2018
20180531,2018W22,201805,05,2018
20180601,2018W22,201806,06,2018
20180602,2018W22,201806,06,2018
20180603,2018W22,201806,06,2018
20180604,2018W23,201806,06,2018
20180605,2018W23,201806,06,2018
20180606,2018W23,201806,06,2018
20180607,2018W23,201806,06,2018
20180608,2018W23,201806,06,2018
20180609,2018W23,201806,06,2018
20180610,2018W23,201806,06,2018
20180611,2018W24,201806,06,2018
20180612,2018W24,201806,06,2018
20180613,2018W24,201806,06,2018
20180614,2018W24,201806,06,2018
20180615,2018W24,201806,06,2018
20180616,2018W24,201806,06,2018
20180617,2018W24,201806,06,2018
20180618,2018W25,201806,06,2018
20180619,2018W25,201806,06,2018
20180620,2018W25,201806,06,2018
20180621,2018W25,201806,06,2018
20180622,2018W25,201806,06,2018
20180623,2018W25,201806,06,2018
20180624,2018W25,201806,06,2018
20180625,2018W26,201806,06,2018
20180626,2018W26,201806,06,2018
20180627,2018W26,201806,06,2018
20180628,2018W26,201806,06,2018
20180629,2018W26,201806,06,2018
20180630,2018W26,201806,06,2018
20180701,2018W26,201807,07,2018
20180702,2018W27,201807,07,2018
20180703,2018W27,201807,07,2018
20180704,2018W27,201807,07,2018
20180705,2018W27,201807,07,2018
20180706,2018W27,201807,07,2018
20180707,2018W27,201807,07,2018
20180708,2018W27,201807,07,2018
20180709,2018W28,201807,07,2018
20180710,2018W28,201807,07,2018
20180711,2018W28,201807,07,2018
20180712,2018W28,201807,07,2018
20180713,2018W28,201807,07,2018
20180714,2018W28,201807,07,2018
20180715,2018W28,201807,07,2018
20180716,2018W29,201807,07,2018
20180717,2018W29,201807,07,2018
20180718,2018W29,201807,07,2018
20180719,2018W29,201807,07,2018
20180720,2018W29,201807,07,2018
20180721,2018W29,201807,07,2018
20180722,2018W29,201807,07,2018
20180723,2018W30,201807,07,2018
20180724,2018W30,201807,07,2018
20180725,2018W30,201807,07,2018
20180726,2018W30,201807,07,2018
20180727,2018W30,201807,07,2018
20180728,2018W30,201807,07,2018
20180729,2018W30,201807,07,2018
20180730,2018W31,201807,07,2018
20180731,2018W31,201807,07,2018
20180801,2018W31,201808,08,2018
20180802,2018W31,201808,08,2018
20180803,2018W31,201808,08,2018
20180804,2018W31,201808,08,2018
20180805,2018W31,201808,08,2018
20180806,2018W32,201808,08,2018
20180807,2018W32,201808,08,2018
20180808,2018W32,201808,08,2018
20180809,2018W32,201808,08,2018
20180810,2018W32,201808,08,2018
20180811,2018W32,201808,08,2018
20180812,2018W32,201808,08,2018
20180813,2018W33,201808,08,2018
20180814,2018W33,201808,08,2018
20180815,2018W33,201808,08,2018
20180816,2018W33,201808,08,2018
20180817,2018W33,201808,08,2018
20180818,2018W33,201808,08,2018
20180819,2018W33,201808,08,2018
20180820,2018W34,201808,08,2018
20180821,2018W34,201808,08,2018
20180822,2018W34,201808,08,2018
20180823,2018W34,201808,08,2018
20180824,2018W34,201808,08,2018
20180825,2018W34,201808,08,2018
20180826,2018W34,201808,08,2018
20180827,2018W35,201808,08,2018
20180828,2018W35,201808,08,2018
20180829,2018W35,201808,08,2018
20180830,2018W35,201808,08,2018
20180831,2018W35,201808,08,2018
20180901,2018W35,201809,09,2018
20180902,2018W35,201809,09,2018
20180903,2018W36,201809,09,2018
20180904,2018W36,201809,09,2018
20180905,2018W36,201809,09,2018
20180906,2018W36,201809,09,2018
20180907,2018W36,201809,09,2018
20180908,2018W36,201809,09,2018
20180909,2018W36,201809,09,2018
20180910,2018W37,201809,09,2018
20180911,2018W37,201809,09,2018
20180912,2018W37,201809,09,2018
20180913,2018W37,201809,09,2018
20180914,2018W37,201809,09,2018
20180915,2018W37,201809,09,2018
20180916,2018W37,201809,09,2018
20180917,2018W38,201809,09,2018
20180918,2018W38,201809,09,2018
20180919,2018W38,201809,09,2018
20180920,2018W38,201809,09,2018
20180921,2018W38,201809,09,2018
20180922,2018W38,201809,09,2018
20180923,2018W38,201809,09,2018
20180924,2018W39,201809,09,2018
20180925,2018W39,201809,09,2018
20180926,2018W39,201809,09,2018
20180927,2018W39,201809,09,2018
20180928,2018W39,201809,09,2018
20180929,2018W39,201809,09,2018
20180930,2018W39,201809,09,2018
20181001,2018W40,201810,10,2018
20181002,2018W40,201810,10,2018
20181003,2018W40,201810,10,2018
20181004,2018W40,201810,10,2018
20181005,2018W40,201810,10,2018
20181006,2018W40,201810,10,2018
20181007,2018W40,201810,10,2018
20181008,2018W41,201810,10,2018
20181009,2018W41,201810,10,2018
20181010,2018W41,201810,10,2018
20181011,2018W41,201810,10,2018
20181012,2018W41,201810,10,2018
20181013,2018W41,201810,10,2018
20181014,2018W41,201810,10,2018
20181015,2018W42,201810,10,2018
20181016,2018W42,201810,10,2018
20181017,2018W42,201810,10,2018
20181018,2018W42,201810,10,2018
20181019,2018W42,201810,10,2018
20181020,2018W42,201810,10,2018
20181021,2018W42,201810,10,2018
20181022,2018W43,201810,10,2018
20181023,2018W43,201810,10,2018
20181024,2018W43,201810,10,2018
20181025,2018W43,201810,10,2018
20181026,2018W43,201810,10,2018
20181027,2018W43,201810,10,2018
20181028,2018W43,201810,10,2018
20181029,2018W44,201810,10,2018
20181030,2018W44,201810,10,2018
20181031,2018W44,201810,10,2018
20181101,2018W44,201811,11,2018
20181102,2018W44,201811,11,2018
20181103,2018W44,201811,11,2018
20181104,2018W44,201811,11,2018
20181105,2018W45,201811,11,2018
20181106,2018W45,201811,11,2018
20181107,2018W45,201811,11,2018
20181108,2018W45,201811,11,2018
20181109,2018W45,201811,11,2018
20181110,2018W45,201811,11,2018
20181111,2018W45,201811,11,2018
20181112,2018W46,201811,11,2018
20181113,2018W46,201811,11,2018
20181114,2018W46,201811,11,2018
20181115,2018W46,201811,11,2018
20181116,2018W46,201811,11,2018
20181117,2018W46,201811,11,2018
20181118,2018W46,201811,11,2018
20181119,2018W47,201811,11,2018
20181120,2018W47,201811,11,2018
20181121,2018W47,201811,11,2018
20181122,2018W47,201811,11,2018
20181123,2018W47,201811,11,2018
20181124,2018W47,201811,11,2018
20181125,2018W47,201811,11,2018
20181126,2018W48,201811,11,2018
20181127,2018W48,201811,11,2018
20181128,2018W48,201811,11,2018
20181129,2018W48,201811,11,2018
20181130,2018W48,201811,11,2018
20181201,2018W48,201812,12,2018
20181202,2018W48,201812,12,2018
20181203,2018W49,201812,12,2018
20181204,2018W49,201812,12,2018
20181205,2018W49,201812,12,2018
20181206,2018W49,201812,12,2018
20181207,2018W49,201812,12,2018
20181208,2018W49,201812,12,2018
20181209,2018W49,201812,12,2018
20181210,2018W50,201812,12,2018
20181211,2018W50,201812,12,2018
20181212,2018W50,201812,12,2018
20181213,2018W50,201812,12,2018
20181214,2018W50,201812,12,2018
20181215,2018W50,201812,12,2018
20181216,2018W50,201812,12,2018
20181217,2018W51,201812,12,2018
20181218,2018W51,201812,12,2018
20181219,2018W51,201812,12,2018
20181220,2018W51,201812,12,2018
20181221,2018W51,201812,12,2018
20181222,2018W51,201812,12,2018
20181223,2018W51,201812,12,2018
20181224,2018W52,201812,12,2018
20181225,2018W52,201812,12,2018
20181226,2018W52,201812,12,2018
20181227,2018W52,201812,12,2018
20181228,2018W52,201812,12,2018
20181229,2018W52,201812,12,2018
20181230,2018W52,201812,12,2018
20181231,2018W01,201812,12,2018
20190101,2019W01,201901,01,2019
20190102,2019W01,201901,01,2019
20190103,2019W01,201901,01,2019
20190104,2019W01,201901,01,2019
20190105,2019W01,201901,01,2019
20190106,2019W01,201901,01,2019
20190107,2019W02,201901,01,2019
20190108,2019W02,201901,01,2019
20190109,2019W02,201901,01,2019
20190110,2019W02,201901,01,2019
20190111,2019W02,201901,01,2019
20190112,2019W02,201901,01,2019
20190113,2019W02,201901,01,2019
20190114,2019W03,201901,01,2019
20190115,2019W03,201901,01,2019
20190116,2019W03,201901,01,2019
20190117,2019W03,201901,01,2019
20190118,2019W03,201901,01,2019
20190119,2019W03,201901,01,2019
20190120,2019W03,201901,01,2019
20190121,2019W04,201901,01,2019
20190122,2019W04,201901,01,2019
20190123,2019W04,201901,01,2019
20190124,2019W04,201901,01,2019
20190125,2019W04,201901,01,2019
20190126,2019W04,201901,01,2019
20190127,2019W04,201901,01,2019
20190128,2019W05,201901,01,2019
20190129,2019W05,201901,01,2019
20190130,2019W05,201901,01,2019
20190131,2019W05,201901,01,2019
20190201,2019W05,201902,02,2019
20190202,2019W05,201902,02,2019
20190203,2019W05,201902,02,2019
20190204,2019W06,201902,02,2019
20190205,2019W06,201902,02,2019
20190206,2019W06,201902,02,2019
20190207,2019W06,201902,02,2019
20190208,2019W06,201902,02,2019
20190209,2019W06,201902,02,2019
20190210,2019W06,201902,02,2019
20190211,2019W07,201902,02,2019
20190212,2019W07,201902,02,2019
20190213,2019W07,201902,02,2019
20190214,2019W07,201902,02,2019
20190215,2019W07,201902,02,2019
20190216,2019W07,201902,02,2019
20190217,2019W07,201902,02,2019
20190218,2019W08,201902,02,2019
20190219,2019W08,201902,02,2019
20190220,2019W08,201902,02,2019
20190221,2019W08,201902,02,2019
20190222,2019W08,201902,02,2019
20190223,2019W08,201902,02,2019
20190224,2019W08,201902,02,2019
20190225,2019W09,201902,02,2019
20190226,2019W09,201902,02,2019
20190227,2019W09,201902,02,2019
20190228,2019W09,201902,02,2019
20190301,2019W09,201903,03,2019
20190302,2019W09,201903,03,2019
20190303,2019W09,201903,03,2019
20190304,2019W10,201903,03,2019
20190305,2019W10,201903,03,2019
20190306,2019W10,201903,03,2019
20190307,2019W10,201903,03,2019
20190308,2019W10,201903,03,2019
20190309,2019W10,201903,03,2019
20190310,2019W10,201903,03,2019
20190311,2019W11,201903,03,2019
20190312,2019W11,201903,03,2019
20190313,2019W11,201903,03,2019
20190314,2019W11,201903,03,2019
20190315,2019W11,201903,03,2019
20190316,2019W11,201903,03,2019
20190317,2019W11,201903,03,2019
20190318,2019W12,201903,03,2019
20190319,2019W12,201903,03,2019
20190320,2019W12,201903,03,2019
20190321,2019W12,201903,03,2019
20190322,2019W12,201903,03,2019
20190323,2019W12,201903,03,2019
20190324,2019W12,201903,03,2019
20190325,2019W13,201903,03,2019
20190326,2019W13,201903,03,2019
20190327,2019W13,201903,03,2019
20190328,2019W13,201903,03,2019
20190329,2019W13,201903,03,2019
20190330,2019W13,201903,03,2019
20190331,2019W13,201903,03,2019
20190401,2019W14,201904,04,2019
20190402,2019W14,201904,04,2019
20190403,2019W14,201904,04,2019
20190404,2019W14,201904,04,2019
20190405,2019W14,201904,04,2019
20190406,2019W14,201904,04,2019
20190407,2019W14,201904,04,2019
20190408,2019W15,201904,04,2019
20190409,2019W15,201904,04,2019
20190410,2019W15,201904,04,2019
20190411,2019W15,201904,04,2019
20190412,2019W15,201904,04,2019
20190413,2019W15,201904,04,2019
20190414,2019W15,201904,04,2019
20190415,2019W16,201904,04,2019
20190416,2019W16,201904,04,2019
20190417,2019W16,201904,04,2019
20190418,2019W16,201904,04,2019
20190419,2019W16,201904,04,2019
20190420,2019W16,201904,04,2019
20190421,2019W16,201904,04,2019
20190422,2019W17,201904,04,2019
20190423,2019W17,201904,04,2019
20190424,2019W17,201904,04,2019
20190425,2019W17,201904,04,2019
20190426,2019W17,201904,04,2019
20190427,2019W17,201904,04,2019
20190428,2019W17,201904,04,2019
20190429,2019W18,201904,04,2019
20190430,2019W18,201904,04,2019
20190501,2019W18,201905,05,2019
20190502,2019W18,201905,05,2019
20190503,2019W18,201905,05,2019
20190504,2019W18,201905,05,2019
20190505,2019W18,201905,05,2019
20190506,2019W19,201905,05,2019
20190507,2019W19,201905,05,2019
20190508,2019W19,201905,05,2019
20190509,2019W19,201905,05,2019
20190510,2019W19,201905,05,2019
20190511,2019W19,201905,05,2019
20190512,2019W19,201905,05,2019
20190513,2019W20,201905,05,2019
20190514,2019W20,201905,05,2019
20190515,2019W20,201905,05,2019
20190516,2019W20,201905,05,2019
20190517,2019W20,201905,05,2019
20190518,2019W20,201905,05,2019
20190519,2019W20,201905,05,2019
20190520,2019W21,201905,05,2019
20190521,2019W21,201905,05,2019
20190522,2019W21,201905,05,2019
20190523,2019W21,201905,05,2019
20190524,2019W21,201905,05,2019
20190525,2019W21,201905,05,2019
20190526,2019W21,201905,05,2019
20190527,2019W22,201905,05,2019
20190528,2019W22,201905,05,2019
20190529,2019W22,201905,05,2019
20190530,2019W22,201905,05,2019
20190531,2019W22,201905,05,2019
20190601,2019W22,201906,06,2019
20190602,2019W22,201906,06,2019
20190603,2019W23,201906,06,2019
20190604,2019W23,201906,06,2019
20190605,2019W23,201906,06,2019
20190606,2019W23,201906,06,2019
20190607,2019W23,201906,06,2019
20190608,2019W23,201906,06,2019
20190609,2019W23,201906,06,2019
20190610,2019W24,201906,06,2019
20190611,2019W24,201906,06,2019
20190612,2019W24,201906,06,2019
20190613,2019W24,201906,06,2019
20190614,2019W24,201906,06,2019
20190615,2019W24,201906,06,2019
20190616,2019W24,201906,06,2019
20190617,2019W25,201906,06,2019
20190618,2019W25,201906,06,2019
20190619,2019W25,201906,06,2019
20190620,2019W25,201906,06,2019
20190621,2019W25,201906,06,2019
20190622,2019W25,201906,06,2019
20190623,2019W25,201906,06,2019
20190624,2019W26,201906,06,2019
20190625,2019W26,201906,06,2019
20190626,2019W26,201906,06,2019
20190627,2019W26,201906,06,2019
20190628,2019W26,201906,06,2019
20190629,2019W26,201906,06,2019
20190630,2019W26,201906,06,2019
20190701,2019W27,201907,07,2019
20190702,2019W27,201907,07,2019
20190703,2019W27,201907,07,2019
20190704,2019W27,201907,07,2019
20190705,2019W27,201907,07,2019
20190706,2019W27,201907,07,2019
20190707,2019W27,201907,07,2019
20190708,2019W28,201907,07,2019
20190709,2019W28,201907,07,2019
20190710,2019W28,201907,07,2019
20190711,2019W28,201907,07,2019
20190712,2019W28,201907,07,2019
20190713,2019W28,201907,07,2019
20190714,2019W28,201907,07,2019
20190715,2019W29,201907,07,2019
20190716,2019W29,201907,07,2019
20190717,2019W29,201907,07,2019
20190718,2019W29,201907,07,2019
20190719,2019W29,201907,07,2019
20190720,2019W29,201907,07,2019
20190721,2019W29,201907,07,2019
20190722,2019W30,201907,07,2019
20190723,2019W30,201907,07,2019
20190724,2019W30,201907,07,2019
20190725,2019W30,201907,07,2019
20190726,2019W30,201907,07,2019
20190727,2019W30,201907,07,2019
20190728,2019W30,201907,07,2019
20190729,2019W31,201907,07,2019
20190730,2019W31,201907,07,2019
20190731,2019W31,201907,07,2019
20190801,2019W31,201908,08,2019
20190802,2019W31,201908,08,2019
20190803,2019W31,201908,08,2019
20190804,2019W31,201908,08,2019
20190805,2019W32,201908,08,2019
20190806,2019W32,201908,08,2019
20190807,2019W32,201908,08,2019
20190808,2019W32,201908,08,2019
20190809,2019W32,201908,08,2019
20190810,2019W32,201908,08,2019
20190811,2019W32,201908,08,2019
20190812,2019W33,201908,08,2019
20190813,2019W33,201908,08,2019
20190814,2019W33,201908,08,2019
20190815,2019W33,201908,08,2019
20190816,2019W33,201908,08,2019
20190817,2019W33,201908,08,2019
20190818,2019W33,201908,08,2019
20190819,2019W34,201908,08,2019
20190820,2019W34,201908,08,2019
20190821,2019W34,201908,08,2019
20190822,2019W34,201908,08,2019
20190823,2019W34,201908,08,2019
20190824,2019W34,201908,08,2019
20190825,2019W34,201908,08,2019
20190826,2019W35,201908,08,2019
20190827,2019W35,201908,08,2019
20190828,2019W35,201908,08,2019
20190829,2019W35,201908,08,2019
20190830,2019W35,201908,08,2019
20190831,2019W35,201908,08,2019
20190901,2019W35,201909,09,2019
20190902,2019W36,201909,09,2019
20190903,2019W36,201909,09,2019
20190904,2019W36,201909,09,2019
20190905,2019W36,201909,09,2019
20190906,2019W36,201909,09,2019
20190907,2019W36,201909,09,2019
20190908,2019W36,201909,09,2019
20190909,2019W37,201909,09,2019
20190910,2019W37,201909,09,2019
20190911,2019W37,201909,09,2019
20190912,2019W37,201909,09,2019
20190913,2019W37,201909,09,2019
20190914,2019W37,201909,09,2019
20190915,2019W37,201909,09,2019
20190916,2019W38,201909,09,2019
20190917,2019W38,201909,09,2019
20190918,2019W38,201909,09,2019
20190919,2019W38,201909,09,2019
20190920,2019W38,201909,09,2019
20190921,2019W38,201909,09,2019
20190922,2019W38,201909,09,2019
20190923,2019W39,201909,09,2019
20190924,2019W39,201909,09,2019
20190925,2019W39,201909,09,2019
20190926,2019W39,201909,09,2019
20190927,2019W39,201909,09,2019
20190928,2019W39,201909,09,2019
20190929,2019W39,201909,09,2019
20190930,2019W40,201909,09,2019
20191001,2019W40,201910,10,2019
20191002,2019W40,201910,10,2019
20191003,2019W40,201910,10,2019
20191004,2019W40,201910,10,2019
20191005,2019W40,201910,10,2019
20191006,2019W40,201910,10,2019
20191007,2019W41,201910,10,2019
20191008,2019W41,201910,10,2019
20191009,2019W41,201910,10,2019
20191010,2019W41,201910,10,2019
20191011,2019W41,201910,10,2019
20191012,2019W41,201910,10,2019
20191013,2019W41,201910,10,2019
20191014,2019W42,201910,10,2019
20191015,2019W42,201910,10,2019
20191016,2019W42,201910,10,2019
20191017,2019W42,201910,10,2019
20191018,2019W42,201910,10,2019
20191019,2019W42,201910,10,2019
20191020,2019W42,201910,10,2019
20191021,2019W43,201910,10,2019
20191022,2019W43,201910,10,2019
20191023,2019W43,201910,10,2019
20191024,2019W43,201910,10,2019
20191025,2019W43,201910,10,2019
20191026,2019W43,201910,10,2019
20191027,2019W43,201910,10,2019
20191028,2019W44,201910,10,2019
20191029,2019W44,201910,10,2019
20191030,2019W44,201910,10,2019
20191031,2019W44,201910,10,2019
20191101,2019W44,201911,11,2019
20191102,2019W44,201911,11,2019
20191103,2019W44,201911,11,2019
20191104,2019W45,201911,11,2019
20191105,2019W45,201911,11,2019
20191106,2019W45,201911,11,2019
20191107,2019W45,201911,11,2019
20191108,2019W45,201911,11,2019
20191109,2019W45,201911,11,2019
20191110,2019W45,201911,11,2019
20191111,2019W46,201911,11,2019
20191112,2019W46,201911,11,2019
20191113,2019W46,201911,11,2019
20191114,2019W46,201911,11,2019
20191115,2019W46,201911,11,2019
20191116,2019W46,201911,11,2019
20191117,2019W46,201911,11,2019
20191118,2019W47,201911,11,2019
20191119,2019W47,201911,11,2019
20191120,2019W47,201911,11,2019
20191121,2019W47,201911,11,2019
20191122,2019W47,201911,11,2019
20191123,2019W47,201911,11,2019
20191124,2019W47,201911,11,2019
20191125,2019W48,201911,11,2019
20191126,2019W48,201911,11,2019
20191127,2019W48,201911,11,2019
20191128,2019W48,201911,11,2019
20191129,2019W48,201911,11,2019
20191130,2019W48,201911,11,2019
20191201,2019W48,201912,12,2019
20191202,2019W49,201912,12,2019
20191203,2019W49,201912,12,2019
20191204,2019W49,201912,12,2019
20191205,2019W49,201912,12,2019
20191206,2019W49,201912,12,2019
20191207,2019W49,201912,12,2019
20191208,2019W49,201912,12,2019
20191209,2019W50,201912,12,2019
20191210,2019W50,201912,12,2019
20191211,2019W50,201912,12,2019
20191212,2019W50,201912,12,2019
20191213,2019W50,201912,12,2019
20191214,2019W50,201912,12,2019
20191215,2019W50,201912,12,2019
20191216,2019W51,201912,12,2019
20191217,2019W51,201912,12,2019
20191218,2019W51,201912,12,2019
20191219,2019W51,201912,12,2019
20191220,2019W51,201912,12,2019
20191221,2019W51,201912,12,2019
20191222,2019W51,201912,12,2019
20191223,2019W52,201912,12,2019
20191224,2019W52,201912,12,2019
20191225,2019W52,201912,12,2019
20191226,2019W52,201912,12,2019
20191227,2019W52,201912,12,2019
20191228,2019W52,201912,12,2019
20191229,2019W52,201912,12,2019
20191230,2019W01,201912,12,2019
20191231,2019W01,201912,12,2019
20200101,2020W01,202001,01,2020
20200102,2020W01,202001,01,2020
20200103,2020W01,202001,01,2020
20200104,2020W01,202001,01,2020
20200105,2020W01,202001,01,2020
20200106,2020W02,202001,01,2020
20200107,2020W02,202001,01,2020
20200108,2020W02,202001,01,2020
20200109,2020W02,202001,01,2020
20200110,2020W02,202001,01,2020
20200111,2020W02,202001,01,2020
20200112,2020W02,202001,01,2020
20200113,2020W03,202001,01,2020
20200114,2020W03,202001,01,2020
20200115,2020W03,202001,01,2020
20200116,2020W03,202001,01,2020
20200117,2020W03,202001,01,2020
20200118,2020W03,202001,01,2020
20200119,2020W03,202001,01,2020
20200120,2020W04,202001,01,2020
20200121,2020W04,202001,01,2020
20200122,2020W04,202001,01,2020
20200123,2020W04,202001,01,2020
20200124,2020W04,202001,01,2020
20200125,2020W04,202001,01,2020
20200126,2020W04,202001,01,2020
20200127,2020W05,202001,01,2020
20200128,2020W05,202001,01,2020
20200129,2020W05,202001,01,2020
20200130,2020W05,202001,01,2020
20200131,2020W05,202001,01,2020
20200201,2020W05,202002,02,2020
20200202,2020W05,202002,02,2020
20200203,2020W06,202002,02,2020
20200204,2020W06,202002,02,2020
20200205,2020W06,202002,02,2020
20200206,2020W06,202002,02,2020
20200207,2020W06,202002,02,2020
20200208,2020W06,202002,02,2020
20200209,2020W06,202002,02,2020
20200210,2020W07,202002,02,2020
20200211,2020W07,202002,02,2020
20200212,2020W07,202002,02,2020
20200213,2020W07,202002,02,2020
20200214,2020W07,202002,02,2020
20200215,2020W07,202002,02,2020
20200216,2020W07,202002,02,2020
20200217,2020W08,202002,02,2020
20200218,2020W08,202002,02,2020
20200219,2020W08,202002,02,2020
20200220,2020W08,202002,02,2020
20200221,2020W08,202002,02,2020
20200222,2020W08,202002,02,2020
20200223,2020W08,202002,02,2020
20200224,2020W09,202002,02,2020
20200225,2020W09,202002,02,2020
20200226,2020W09,202002,02,2020
20200227,2020W09,202002,02,2020
20200228,2020W09,202002,02,2020
20200229,2020W09,202002,02,2020
20200301,2020W09,202003,03,2020
20200302,2020W10,202003,03,2020
20200303,2020W10,202003,03,2020
20200304,2020W10,202003,03,2020
20200305,2020W10,202003,03,2020
20200306,2020W10,202003,03,2020
20200307,2020W10,202003,03,2020
20200308,2020W10,202003,03,2020
20200309,2020W11,202003,03,2020
20200310,2020W11,202003,03,2020
20200311,2020W11,202003,03,2020
20200312,2020W11,202003,03,2020
20200313,2020W11,202003,03,2020
20200314,2020W11,202003,03,2020
20200315,2020W11,202003,03,2020
20200316,2020W12,202003,03,2020
20200317,2020W12,202003,03,2020
20200318,2020W12,202003,03,2020
20200319,2020W12,202003,03,2020
20200320,2020W12,202003,03,2020
20200321,2020W12,202003,03,2020
20200322,2020W12,202003,03,2020
20200323,2020W13,202003,03,2020
20200324,2020W13,202003,03,2020
20200325,2020W13,202003,03,2020
20200326,2020W13,202003,03,2020
20200327,2020W13,202003,03,2020
20200328,2020W13,202003,03,2020
20200329,2020W13,202003,03,2020
20200330,2020W14,202003,03,2020
20200331,2020W14,202003,03,2020
20200401,2020W14,202004,04,2020
20200402,2020W14,202004,04,2020
20200403,2020W14,202004,04,2020
20200404,2020W14,202004,04,2020
20200405,2020W14,202004,04,2020
20200406,2020W15,202004,04,2020
20200407,2020W15,202004,04,2020
20200408,2020W15,202004,04,2020
20200409,2020W15,202004,04,2020
20200410,2020W15,202004,04,2020
20200411,2020W15,202004,04,2020
20200412,2020W15,202004,04,2020
20200413,2020W16,202004,04,2020
20200414,2020W16,202004,04,2020
20200415,2020W16,202004,04,2020
20200416,2020W16,202004,04,2020
20200417,2020W16,202004,04,2020
20200418,2020W16,202004,04,2020
20200419,2020W16,202004,04,2020
20200420,2020W17,202004,04,2020
20200421,2020W17,202004,04,2020
20200422,2020W17,202004,04,2020
20200423,2020W17,202004,04,2020
20200424,2020W17,202004,04,2020
20200425,2020W17,202004,04,2020
20200426,2020W17,202004,04,2020
20200427,2020W18,202004,04,2020
20200428,2020W18,202004,04,2020
20200429,2020W18,202004,04,2020
20200430,2020W18,202004,04,2020
20200501,2020W18,202005,05,2020
20200502,2020W18,202005,05,2020
20200503,2020W18,202005,05,2020
20200504,2020W19,202005,05,2020
20200505,2020W19,202005,05,2020
20200506,2020W19,202005,05,2020
20200507,2020W19,202005,05,2020
20200508,2020W19,202005,05,2020
20200509,2020W19,202005,05,2020
20200510,2020W19,202005,05,2020
20200511,2020W20,202005,05,2020
20200512,2020W20,202005,05,2020
20200513,2020W20,202005,05,2020
20200514,2020W20,202005,05,2020
20200515,2020W20,202005,05,2020
20200516,2020W20,202005,05,2020
20200517,2020W20,202005,05,2020
20200518,2020W21,202005,05,2020
20200519,2020W21,202005,05,2020
20200520,2020W21,202005,05,2020
20200521,2020W21,202005,05,2020
20200522,2020W21,202005,05,2020
20200523,2020W21,202005,05,2020
20200524,2020W21,202005,05,2020
20200525,2020W22,202005,05,2020
20200526,2020W22,202005,05,2020
20200527,2020W22,202005,05,2020
20200528,2020W22,202005,05,2020
20200529,2020W22,202005,05,2020
20200530,2020W22,202005,05,2020
20200531,2020W22,202005,05,2020
20200601,2020W23,202006,06,2020
20200602,2020W23,202006,06,2020
20200603,2020W23,202006,06,2020
20200604,2020W23,202006,06,2020
20200605,2020W23,202006,06,2020
20200606,2020W23,202006,06,2020
20200607,2020W23,202006,06,2020
20200608,2020W24,202006,06,2020
20200609,2020W24,202006,06,2020
20200610,2020W24,202006,06,2020
20200611,2020W24,202006,06,2020
20200612,2020W24,202006,06,2020
20200613,2020W24,202006,06,2020
20200614,2020W24,202006,06,2020
20200615,2020W25,202006,06,2020
20200616,2020W25,202006,06,2020
20200617,2020W25,202006,06,2020
20200618,2020W25,202006,06,2020
20200619,2020W25,202006,06,2020
20200620,2020W25,202006,06,2020
20200621,2020W25,202006,06,2020
20200622,2020W26,202006,06,2020
20200623,2020W26,202006,06,2020
20200624,2020W26,202006,06,2020
20200625,2020W26,202006,06,2020
20200626,2020W26,202006,06,2020
20200627,2020W26,202006,06,2020
20200628,2020W26,202006,06,2020
20200629,2020W27,202006,06,2020
20200630,2020W27,202006,06,2020
20200701,2020W27,202007,07,2020
20200702,2020W27,202007,07,2020
20200703,2020W27,202007,07,2020
20200704,2020W27,202007,07,2020
20200705,2020W27,202007,07,2020
20200706,2020W28,202007,07,2020
20200707,2020W28,202007,07,2020
20200708,2020W28,202007,07,2020
20200709,2020W28,202007,07,2020
20200710,2020W28,202007,07,2020
20200711,2020W28,202007,07,2020
20200712,2020W28,202007,07,2020
20200713,2020W29,202007,07,2020
20200714,2020W29,202007,07,2020
20200715,2020W29,202007,07,2020
20200716,2020W29,202007,07,2020
20200717,2020W29,202007,07,2020
20200718,2020W29,202007,07,2020
20200719,2020W29,202007,07,2020
20200720,2020W30,202007,07,2020
20200721,2020W30,202007,07,2020
20200722,2020W30,202007,07,2020
20200723,2020W30,202007,07,2020
20200724,2020W30,202007,07,2020
20200725,2020W30,202007,07,2020
20200726,2020W30,202007,07,2020
20200727,2020W31,202007,07,2020
20200728,2020W31,202007,07,2020
20200729,2020W31,202007,07,2020
20200730,2020W31,202007,07,2020
20200731,2020W31,202007,07,2020
20200801,2020W31,202008,08,2020
20200802,2020W31,202008,08,2020
20200803,2020W32,202008,08,2020
20200804,2020W32,202008,08,2020
20200805,2020W32,202008,08,2020
20200806,2020W32,202008,08,2020
20200807,2020W32,202008,08,2020
20200808,2020W32,202008,08,2020
20200809,2020W32,202008,08,2020
20200810,2020W33,202008,08,2020
20200811,2020W33,202008,08,2020
20200812,2020W33,202008,08,2020
20200813,2020W33,202008,08,2020
20200814,2020W33,202008,08,2020
20200815,2020W33,202008,08,2020
20200816,2020W33,202008,08,2020
20200817,2020W34,202008,08,2020
20200818,2020W34,202008,08,2020
20200819,2020W34,202008,08,2020
20200820,2020W34,202008,08,2020
20200821,2020W34,202008,08,2020
20200822,2020W34,202008,08,2020
20200823,2020W34,202008,08,2020
20200824,2020W35,202008,08,2020
20200825,2020W35,202008,08,2020
20200826,2020W35,202008,08,2020
20200827,2020W35,202008,08,2020
20200828,2020W35,202008,08,2020
20200829,2020W35,202008,08,2020
20200830,2020W35,202008,08,2020
20200831,2020W36,202008,08,2020
20200901,2020W36,202009,09,2020
20200902,2020W36,202009,09,2020
20200903,2020W36,202009,09,2020
20200904,2020W36,202009,09,2020
20200905,2020W36,202009,09,2020
20200906,2020W36,202009,09,2020
20200907,2020W37,202009,09,2020
20200908,2020W37,202009,09,2020
20200909,2020W37,202009,09,2020
20200910,2020W37,202009,09,2020
20200911,2020W37,202009,09,2020
20200912,2020W37,202009,09,2020
20200913,2020W37,202009,09,2020
20200914,2020W38,202009,09,2020
20200915,2020W38,202009,09,2020
20200916,2020W38,202009,09,2020
20200917,2020W38,202009,09,2020
20200918,2020W38,202009,09,2020
20200919,2020W38,202009,09,2020
20200920,2020W38,202009,09,2020
20200921,2020W39,202009,09,2020
20200922,2020W39,202009,09,2020
20200923,2020W39,202009,09,2020
20200924,2020W39,202009,09,2020
20200925,2020W39,202009,09,2020
20200926,2020W39,202009,09,2020
20200927,2020W39,202009,09,2020
20200928,2020W40,202009,09,2020
20200929,2020W40,202009,09,2020
20200930,2020W40,202009,09,2020
20201001,2020W40,202010,10,2020
20201002,2020W40,202010,10,2020
20201003,2020W40,202010,10,2020
20201004,2020W40,202010,10,2020
20201005,2020W41,202010,10,2020
20201006,2020W41,202010,10,2020
20201007,2020W41,202010,10,2020
20201008,2020W41,202010,10,2020
20201009,2020W41,202010,10,2020
20201010,2020W41,202010,10,2020
20201011,2020W41,202010,10,2020
20201012,2020W42,202010,10,2020
20201013,2020W42,202010,10,2020
20201014,2020W42,202010,10,2020
20201015,2020W42,202010,10,2020
20201016,2020W42,202010,10,2020
20201017,2020W42,202010,10,2020
20201018,2020W42,202010,10,2020
20201019,2020W43,202010,10,2020
20201020,2020W43,202010,10,2020
20201021,2020W43,202010,10,2020
20201022,2020W43,202010,10,2020
20201023,2020W43,202010,10,2020
20201024,2020W43,202010,10,2020
20201025,2020W43,202010,10,2020
20201026,2020W44,202010,10,2020
20201027,2020W44,202010,10,2020
20201028,2020W44,202010,10,2020
20201029,2020W44,202010,10,2020
20201030,2020W44,202010,10,2020
20201031,2020W44,202010,10,2020
20201101,2020W44,202011,11,2020
20201102,2020W45,202011,11,2020
20201103,2020W45,202011,11,2020
20201104,2020W45,202011,11,2020
20201105,2020W45,202011,11,2020
20201106,2020W45,202011,11,2020
20201107,2020W45,202011,11,2020
20201108,2020W45,202011,11,2020
20201109,2020W46,202011,11,2020
20201110,2020W46,202011,11,2020
20201111,2020W46,202011,11,2020
20201112,2020W46,202011,11,2020
20201113,2020W46,202011,11,2020
20201114,2020W46,202011,11,2020
20201115,2020W46,202011,11,2020
20201116,2020W47,202011,11,2020
20201117,2020W47,202011,11,2020
20201118,2020W47,202011,11,2020
20201119,2020W47,202011,11,2020
20201120,2020W47,202011,11,2020
20201121,2020W47,202011,11,2020
20201122,2020W47,202011,11,2020
20201123,2020W48,202011,11,2020
20201124,2020W48,202011,11,2020
20201125,2020W48,202011,11,2020
20201126,2020W48,202011,11,2020
20201127,2020W48,202011,11,2020
20201128,2020W48,202011,11,2020
20201129,2020W48,202011,11,2020
20201130,2020W49,202011,11,2020
20201201,2020W49,202012,12,2020
20201202,2020W49,202012,12,2020
20201203,2020W49,202012,12,2020
20201204,2020W49,202012,12,2020
20201205,2020W49,202012,12,2020
20201206,2020W49,202012,12,2020
20201207,2020W50,202012,12,2020
20201208,2020W50,202012,12,2020
20201209,2020W50,202012,12,2020
20201210,2020W50,202012,12,2020
20201211,2020W50,202012,12,2020
20201212,2020W50,202012,12,2020
20201213,2020W50,202012,12,2020
20201214,2020W51,202012,12,2020
20201215,2020W51,202012,12,2020
20201216,2020W51,202012,12,2020
20201217,2020W51,202012,12,2020
20201218,2020W51,202012,12,2020
20201219,2020W51,202012,12,2020
20201220,2020W51,202012,12,2020
20201221,2020W52,202012,12,2020
20201222,2020W52,202012,12,2020
20201223,2020W52,202012,12,2020
20201224,2020W52,202012,12,2020
20201225,2020W52,202012,12,2020
20201226,2020W52,202012,12,2020
20201227,2020W52,202012,12,2020
20201228,2020W53,202012,12,2020
20201229,2020W53,202012,12,2020
20201230,2020W53,202012,12,2020
20201231,2020W53,202012,12,2020
20210101,2021W53,202101,01,2021
20210102,2021W53,202101,01,2021
20210103,2021W53,202101,01,2021
20210104,2021W01,202101,01,2021
20210105,2021W01,202101,01,2021
20210106,2021W01,202101,01,2021
20210107,2021W01,202101,01,2021
20210108,2021W01,202101,01,2021
20210109,2021W01,202101,01,2021
20210110,2021W01,202101,01,2021
20210111,2021W02,202101,01,2021
20210112,2021W02,202101,01,2021
20210113,2021W02,202101,01,2021
20210114,2021W02,202101,01,2021
20210115,2021W02,202101,01,2021
20210116,2021W02,202101,01,2021
20210117,2021W02,202101,01,2021
20210118,2021W03,202101,01,2021
20210119,2021W03,202101,01,2021
20210120,2021W03,202101,01,2021
20210121,2021W03,202101,01,2021
20210122,2021W03,202101,01,2021
20210123,2021W03,202101,01,2021
20210124,2021W03,202101,01,2021
20210125,2021W04,202101,01,2021
20210126,2021W04,202101,01,2021
20210127,2021W04,202101,01,2021
20210128,2021W04,202101,01,2021
20210129,2021W04,202101,01,2021
20210130,2021W04,202101,01,2021
20210131,2021W04,202101,01,2021
20210201,2021W05,202102,02,2021
20210202,2021W05,202102,02,2021
20210203,2021W05,202102,02,2021
20210204,2021W05,202102,02,2021
20210205,2021W05,202102,02,2021
20210206,2021W05,202102,02,2021
20210207,2021W05,202102,02,2021
20210208,2021W06,202102,02,2021
20210209,2021W06,202102,02,2021
20210210,2021W06,202102,02,2021
20210211,2021W06,202102,02,2021
20210212,2021W06,202102,02,2021
20210213,2021W06,202102,02,2021
20210214,2021W06,202102,02,2021
20210215,2021W07,202102,02,2021
20210216,2021W07,202102,02,2021
20210217,2021W07,202102,02,2021
20210218,2021W07,202102,02,2021
20210219,2021W07,202102,02,2021
20210220,2021W07,202102,02,2021
20210221,2021W07,202102,02,2021
20210222,2021W08,202102,02,2021
20210223,2021W08,202102,02,2021
20210224,2021W08,202102,02,2021
20210225,2021W08,202102,02,2021
20210226,2021W08,202102,02,2021
20210227,2021W08,202102,02,2021
20210228,2021W08,202102,02,2021
20210301,2021W09,202103,03,2021
20210302,2021W09,202103,03,2021
20210303,2021W09,202103,03,2021
20210304,2021W09,202103,03,2021
20210305,2021W09,202103,03,2021
20210306,2021W09,202103,03,2021
20210307,2021W09,202103,03,2021
20210308,2021W10,202103,03,2021
20210309,2021W10,202103,03,2021
20210310,2021W10,202103,03,2021
20210311,2021W10,202103,03,2021
20210312,2021W10,202103,03,2021
20210313,2021W10,202103,03,2021
20210314,2021W10,202103,03,2021
20210315,2021W11,202103,03,2021
20210316,2021W11,202103,03,2021
20210317,2021W11,202103,03,2021
20210318,2021W11,202103,03,2021
20210319,2021W11,202103,03,2021
20210320,2021W11,202103,03,2021
20210321,2021W11,202103,03,2021
20210322,2021W12,202103,03,2021
20210323,2021W12,202103,03,2021
20210324,2021W12,202103,03,2021
20210325,2021W12,202103,03,2021
20210326,2021W12,202103,03,2021
20210327,2021W12,202103,03,2021
20210328,2021W12,202103,03,2021
20210329,2021W13,202103,03,2021
20210330,2021W13,202103,03,2021
20210331,2021W13,202103,03,2021
20210401,2021W13,202104,04,2021
20210402,2021W13,202104,04,2021
20210403,2021W13,202104,04,2021
20210404,2021W13,202104,04,2021
20210405,2021W14,202104,04,2021
20210406,2021W14,202104,04,2021
20210407,2021W14,202104,04,2021
20210408,2021W14,202104,04,2021
20210409,2021W14,202104,04,2021
20210410,2021W14,202104,04,2021
20210411,2021W14,202104,04,2021
20210412,2021W15,202104,04,2021
20210413,2021W15,202104,04,2021
20210414,2021W15,202104,04,2021
20210415,2021W15,202104,04,2021
20210416,2021W15,202104,04,2021
20210417,2021W15,202104,04,2021
20210418,2021W15,202104,04,2021
20210419,2021W16,202104,04,2021
20210420,2021W16,202104,04,2021
20210421,2021W16,202104,04,2021
20210422,2021W16,202104,04,2021
20210423,2021W16,202104,04,2021
20210424,2021W16,202104,04,2021
20210425,2021W16,202104,04,2021
20210426,2021W17,202104,04,2021
20210427,2021W17,202104,04,2021
20210428,2021W17,202104,04,2021
20210429,2021W17,202104,04,2021
20210430,2021W17,202104,04,2021
20210501,2021W17,202105,05,2021
20210502,2021W17,202105,05,2021
20210503,2021W18,202105,05,2021
20210504,2021W18,202105,05,2021
20210505,2021W18,202105,05,2021
20210506,2021W18,202105,05,2021
20210507,2021W18,202105,05,2021
20210508,2021W18,202105,05,2021
20210509,2021W18,202105,05,2021
20210510,2021W19,202105,05,2021
20210511,2021W19,202105,05,2021
20210512,2021W19,202105,05,2021
20210513,2021W19,202105,05,2021
20210514,2021W19,202105,05,2021
20210515,2021W19,202105,05,2021
20210516,2021W19,202105,05,2021
20210517,2021W20,202105,05,2021
20210518,2021W20,202105,05,2021
20210519,2021W20,202105,05,2021
20210520,2021W20,202105,05,2021
20210521,2021W20,202105,05,2021
20210522,2021W20,202105,05,2021
20210523,2021W20,202105,05,2021
20210524,2021W21,202105,05,2021
20210525,2021W21,202105,05,2021
20210526,2021W21,202105,05,2021
20210527,2021W21,202105,05,2021
20210528,2021W21,202105,05,2021
20210529,2021W21,202105,05,2021
20210530,2021W21,202105,05,2021
20210531,2021W22,202105,05,2021
20210601,2021W22,202106,06,2021
20210602,2021W22,202106,06,2021
20210603,2021W22,202106,06,2021
20210604,2021W22,202106,06,2021
20210605,2021W22,202106,06,2021
20210606,2021W22,202106,06,2021
20210607,2021W23,202106,06,2021
20210608,2021W23,202106,06,2021
20210609,2021W23,202106,06,2021
20210610,2021W23,202106,06,2021
20210611,2021W23,202106,06,2021
20210612,2021W23,202106,06,2021
20210613,2021W23,202106,06,2021
20210614,2021W24,202106,06,2021
20210615,2021W24,202106,06,2021
20210616,2021W24,202106,06,2021
20210617,2021W24,202106,06,2021
20210618,2021W24,202106,06,2021
20210619,2021W24,202106,06,2021
20210620,2021W24,202106,06,2021
20210621,2021W25,202106,06,2021
20210622,2021W25,202106,06,2021
20210623,2021W25,202106,06,2021
20210624,2021W25,202106,06,2021
20210625,2021W25,202106,06,2021
20210626,2021W25,202106,06,2021
20210627,2021W25,202106,06,2021
20210628,2021W26,202106,06,2021
20210629,2021W26,202106,06,2021
20210630,2021W26,202106,06,2021
20210701,2021W26,202107,07,2021
20210702,2021W26,202107,07,2021
20210703,2021W26,202107,07,2021
20210704,2021W26,202107,07,2021
20210705,2021W27,202107,07,2021
20210706,2021W27,202107,07,2021
20210707,2021W27,202107,07,2021
20210708,2021W27,202107,07,2021
20210709,2021W27,202107,07,2021
20210710,2021W27,202107,07,2021
20210711,2021W27,202107,07,2021
20210712,2021W28,202107,07,2021
20210713,2021W28,202107,07,2021
20210714,2021W28,202107,07,2021
20210715,2021W28,202107,07,2021
20210716,2021W28,202107,07,2021
20210717,2021W28,202107,07,2021
20210718,2021W28,202107,07,2021
20210719,2021W29,202107,07,2021
20210720,2021W29,202107,07,2021
20210721,2021W29,202107,07,2021
20210722,2021W29,202107,07,2021
20210723,2021W29,202107,07,2021
20210724,2021W29,202107,07,2021
20210725,2021W29,202107,07,2021
20210726,2021W30,202107,07,2021
20210727,2021W30,202107,07,2021
20210728,2021W30,202107,07,2021
20210729,2021W30,202107,07,2021
20210730,2021W30,202107,07,2021
20210731,2021W30,202107,07,2021
20210801,2021W30,202108,08,2021
20210802,2021W31,202108,08,2021
20210803,2021W31,202108,08,2021
20210804,2021W31,202108,08,2021
20210805,2021W31,202108,08,2021
20210806,2021W31,202108,08,2021
20210807,2021W31,202108,08,2021
20210808,2021W31,202108,08,2021
20210809,2021W32,202108,08,2021
20210810,2021W32,202108,08,2021
20210811,2021W32,202108,08,2021
20210812,2021W32,202108,08,2021
20210813,2021W32,202108,08,2021
20210814,2021W32,202108,08,2021
20210815,2021W32,202108,08,2021
20210816,2021W33,202108,08,2021
20210817,2021W33,202108,08,2021
20210818,2021W33,202108,08,2021
20210819,2021W33,202108,08,2021
20210820,2021W33,202108,08,2021
20210821,2021W33,202108,08,2021
20210822,2021W33,202108,08,2021
20210823,2021W34,202108,08,2021
20210824,2021W34,202108,08,2021
20210825,2021W34,202108,08,2021
20210826,2021W34,202108,08,2021
20210827,2021W34,202108,08,2021
20210828,2021W34,202108,08,2021
20210829,2021W34,202108,08,2021
20210830,2021W35,202108,08,2021
20210831,2021W35,202108,08,2021
20210901,2021W35,202109,09,2021
20210902,2021W35,202109,09,2021
20210903,2021W35,202109,09,2021
20210904,2021W35,202109,09,2021
20210905,2021W35,202109,09,2021
20210906,2021W36,202109,09,2021
20210907,2021W36,202109,09,2021
20210908,2021W36,202109,09,2021
20210909,2021W36,202109,09,2021
20210910,2021W36,202109,09,2021
20210911,2021W36,202109,09,2021
20210912,2021W36,202109,09,2021
20210913,2021W37,202109,09,2021
20210914,2021W37,202109,09,2021
20210915,2021W37,202109,09,2021
20210916,2021W37,202109,09,2021
20210917,2021W37,202109,09,2021
20210918,2021W37,202109,09,2021
20210919,2021W37,202109,09,2021
20210920,2021W38,202109,09,2021
20210921,2021W38,202109,09,2021
20210922,2021W38,202109,09,2021
20210923,2021W38,202109,09,2021
20210924,2021W38,202109,09,2021
20210925,2021W38,202109,09,2021
20210926,2021W38,202109,09,2021
20210927,2021W39,202109,09,2021
20210928,2021W39,202109,09,2021
20210929,2021W39,202109,09,2021
20210930,2021W39,202109,09,2021
20211001,2021W39,202110,10,2021
20211002,2021W39,202110,10,2021
20211003,2021W39,202110,10,2021
20211004,2021W40,202110,10,2021
20211005,2021W40,202110,10,2021
20211006,2021W40,202110,10,2021
20211007,2021W40,202110,10,2021
20211008,2021W40,202110,10,2021
20211009,2021W40,202110,10,2021
20211010,2021W40,202110,10,2021
20211011,2021W41,202110,10,2021
20211012,2021W41,202110,10,2021
20211013,2021W41,202110,10,2021
20211014,2021W41,202110,10,2021
20211015,2021W41,202110,10,2021
20211016,2021W41,202110,10,2021
20211017,2021W41,202110,10,2021
20211018,2021W42,202110,10,2021
20211019,2021W42,202110,10,2021
20211020,2021W42,202110,10,2021
20211021,2021W42,202110,10,2021
20211022,2021W42,202110,10,2021
20211023,2021W42,202110,10,2021
20211024,2021W42,202110,10,2021
20211025,2021W43,202110,10,2021
20211026,2021W43,202110,10,2021
20211027,2021W43,202110,10,2021
20211028,2021W43,202110,10,2021
20211029,2021W43,202110,10,2021
20211030,2021W43,202110,10,2021
20211031,2021W43,202110,10,2021
20211101,2021W44,202111,11,2021
20211102,2021W44,202111,11,2021
20211103,2021W44,202111,11,2021
20211104,2021W44,202111,11,2021
20211105,2021W44,202111,11,2021
20211106,2021W44,202111,11,2021
20211107,2021W44,202111,11,2021
20211108,2021W45,202111,11,2021
20211109,2021W45,202111,11,2021
20211110,2021W45,202111,11,2021
20211111,2021W45,202111,11,2021
20211112,2021W45,202111,11,2021
20211113,2021W45,202111,11,2021
20211114,2021W45,202111,11,2021
20211115,2021W46,202111,11,2021
20211116,2021W46,202111,11,2021
20211117,2021W46,202111,11,2021
20211118,2021W46,202111,11,2021
20211119,2021W46,202111,11,2021
20211120,2021W46,202111,11,2021
20211121,2021W46,202111,11,2021
20211122,2021W47,202111,11,2021
20211123,2021W47,202111,11,2021
20211124,2021W47,202111,11,2021
20211125,2021W47,202111,11,2021
20211126,2021W47,202111,11,2021
20211127,2021W47,202111,11,2021
20211128,2021W47,202111,11,2021
20211129,2021W48,202111,11,2021
20211130,2021W48,202111,11,2021
20211201,2021W48,202112,12,2021
20211202,2021W48,202112,12,2021
20211203,2021W48,202112,12,2021
20211204,2021W48,202112,12,2021
20211205,2021W48,202112,12,2021
20211206,2021W49,202112,12,2021
20211207,2021W49,202112,12,2021
20211208,2021W49,202112,12,2021
20211209,2021W49,202112,12,2021
20211210,2021W49,202112,12,2021
20211211,2021W49,202112,12,2021
20211212,2021W49,202112,12,2021
20211213,2021W50,202112,12,2021
20211214,2021W50,202112,12,2021
20211215,2021W50,202112,12,2021
20211216,2021W50,202112,12,2021
20211217,2021W50,202112,12,2021
20211218,2021W50,202112,12,2021
20211219,2021W50,202112,12,2021
20211220,2021W51,202112,12,2021
20211221,2021W51,202112,12,2021
20211222,2021W51,202112,12,2021
20211223,2021W51,202112,12,2021
20211224,2021W51,202112,12,2021
20211225,2021W51,202112,12,2021
20211226,2021W51,202112,12,2021
20211227,2021W52,202112,12,2021
20211228,2021W52,202112,12,2021
20211229,2021W52,202112,12,2021
20211230,2021W52,202112,12,2021
20211231,2021W52,202112,12,2021
20220101,2022W52,202201,01,2022
20220102,2022W52,202201,01,2022
20220103,2022W01,202201,01,2022
20220104,2022W01,202201,01,2022
20220105,2022W01,202201,01,2022
20220106,2022W01,202201,01,2022
20220107,2022W01,202201,01,2022
20220108,2022W01,202201,01,2022
20220109,2022W01,202201,01,2022
20220110,2022W02,202201,01,2022
20220111,2022W02,202201,01,2022
20220112,2022W02,202201,01,2022
20220113,2022W02,202201,01,2022
20220114,2022W02,202201,01,2022
20220115,2022W02,202201,01,2022
20220116,2022W02,202201,01,2022
20220117,2022W03,202201,01,2022
20220118,2022W03,202201,01,2022
20220119,2022W03,202201,01,2022
20220120,2022W03,202201,01,2022
20220121,2022W03,202201,01,2022
20220122,2022W03,202201,01,2022
20220123,2022W03,202201,01,2022
20220124,2022W04,202201,01,2022
20220125,2022W04,202201,01,2022
20220126,2022W04,202201,01,2022
20220127,2022W04,202201,01,2022
20220128,2022W04,202201,01,2022
20220129,2022W04,202201,01,2022
20220130,2022W04,202201,01,2022
20220131,2022W05,202201,01,2022
20220201,2022W05,202202,02,2022
20220202,2022W05,202202,02,2022
20220203,2022W05,202202,02,2022
20220204,2022W05,202202,02,2022
20220205,2022W05,202202,02,2022
20220206,2022W05,202202,02,2022
20220207,2022W06,202202,02,2022
20220208,2022W06,202202,02,2022
20220209,2022W06,202202,02,2022
20220210,2022W06,202202,02,2022
20220211,2022W06,202202,02,2022
20220212,2022W06,202202,02,2022
20220213,2022W06,202202,02,2022
20220214,2022W07,202202,02,2022
20220215,2022W07,202202,02,2022
20220216,2022W07,202202,02,2022
20220217,2022W07,202202,02,2022
20220218,2022W07,202202,02,2022
20220219,2022W07,202202,02,2022
20220220,2022W07,202202,02,2022
20220221,2022W08,202202,02,2022
20220222,2022W08,202202,02,2022
20220223,2022W08,202202,02,2022
20220224,2022W08,202202,02,2022
20220225,2022W08,202202,02,2022
20220226,2022W08,202202,02,2022
20220227,2022W08,202202,02,2022
20220228,2022W09,202202,02,2022
20220301,2022W09,202203,03,2022
20220302,2022W09,202203,03,2022
20220303,2022W09,202203,03,2022
20220304,2022W09,202203,03,2022
20220305,2022W09,202203,03,2022
20220306,2022W09,202203,03,2022
20220307,2022W10,202203,03,2022
20220308,2022W10,202203,03,2022
20220309,2022W10,202203,03,2022
20220310,2022W10,202203,03,2022
20220311,2022W10,202203,03,2022
20220312,2022W10,202203,03,2022
20220313,2022W10,202203,03,2022
20220314,2022W11,202203,03,2022
20220315,2022W11,202203,03,2022
20220316,2022W11,202203,03,2022
20220317,2022W11,202203,03,2022
20220318,2022W11,202203,03,2022
20220319,2022W11,202203,03,2022
20220320,2022W11,202203,03,2022
20220321,2022W12,202203,03,2022
20220322,2022W12,202203,03,2022
20220323,2022W12,202203,03,2022
20220324,2022W12,202203,03,2022
20220325,2022W12,202203,03,2022
20220326,2022W12,202203,03,2022
20220327,2022W12,202203,03,2022
20220328,2022W13,202203,03,2022
20220329,2022W13,202203,03,2022
20220330,2022W13,202203,03,2022
20220331,2022W13,202203,03,2022
20220401,2022W13,202204,04,2022
20220402,2022W13,202204,04,2022
20220403,2022W13,202204,04,2022
20220404,2022W14,202204,04,2022
20220405,2022W14,202204,04,2022
20220406,2022W14,202204,04,2022
20220407,2022W14,202204,04,2022
20220408,2022W14,202204,04,2022
20220409,2022W14,202204,04,2022
20220410,2022W14,202204,04,2022
20220411,2022W15,202204,04,2022
20220412,2022W15,202204,04,2022
20220413,2022W15,202204,04,2022
20220414,2022W15,202204,04,2022
20220415,2022W15,202204,04,2022
20220416,2022W15,202204,04,2022
20220417,2022W15,202204,04,2022
20220418,2022W16,202204,04,2022
20220419,2022W16,202204,04,2022
20220420,2022W16,202204,04,2022
20220421,2022W16,202204,04,2022
20220422,2022W16,202204,04,2022
20220423,2022W16,202204,04,2022
20220424,2022W16,202204,04,2022
20220425,2022W17,202204,04,2022
20220426,2022W17,202204,04,2022
20220427,2022W17,202204,04,2022
20220428,2022W17,202204,04,2022
20220429,2022W17,202204,04,2022
20220430,2022W17,202204,04,2022
20220501,2022W17,202205,05,2022
20220502,2022W18,202205,05,2022
20220503,2022W18,202205,05,2022
20220504,2022W18,202205,05,2022
20220505,2022W18,202205,05,2022
20220506,2022W18,202205,05,2022
20220507,2022W18,202205,05,2022
20220508,2022W18,202205,05,2022
20220509,2022W19,202205,05,2022
20220510,2022W19,202205,05,2022
20220511,2022W19,202205,05,2022
20220512,2022W19,202205,05,2022
20220513,2022W19,202205,05,2022
20220514,2022W19,202205,05,2022
20220515,2022W19,202205,05,2022
20220516,2022W20,202205,05,2022
20220517,2022W20,202205,05,2022
20220518,2022W20,202205,05,2022
20220519,2022W20,202205,05,2022
20220520,2022W20,202205,05,2022
20220521,2022W20,202205,05,2022
20220522,2022W20,202205,05,2022
20220523,2022W21,202205,05,2022
20220524,2022W21,202205,05,2022
20220525,2022W21,202205,05,2022
20220526,2022W21,202205,05,2022
20220527,2022W21,202205,05,2022
20220528,2022W21,202205,05,2022
20220529,2022W21,202205,05,2022
20220530,2022W22,202205,05,2022
20220531,2022W22,202205,05,2022
20220601,2022W22,202206,06,2022
20220602,2022W22,202206,06,2022
20220603,2022W22,202206,06,2022
20220604,2022W22,202206,06,2022
20220605,2022W22,202206,06,2022
20220606,2022W23,202206,06,2022
20220607,2022W23,202206,06,2022
20220608,2022W23,202206,06,2022
20220609,2022W23,202206,06,2022
20220610,2022W23,202206,06,2022
20220611,2022W23,202206,06,2022
20220612,2022W23,202206,06,2022
20220613,2022W24,202206,06,2022
20220614,2022W24,202206,06,2022
20220615,2022W24,202206,06,2022
20220616,2022W24,202206,06,2022
20220617,2022W24,202206,06,2022
20220618,2022W24,202206,06,2022
20220619,2022W24,202206,06,2022
20220620,2022W25,202206,06,2022
20220621,2022W25,202206,06,2022
20220622,2022W25,202206,06,2022
20220623,2022W25,202206,06,2022
20220624,2022W25,202206,06,2022
20220625,2022W25,202206,06,2022
20220626,2022W25,202206,06,2022
20220627,2022W26,202206,06,2022
20220628,2022W26,202206,06,2022
20220629,2022W26,202206,06,2022
20220630,2022W26,202206,06,2022
20220701,2022W26,202207,07,2022
20220702,2022W26,202207,07,2022
20220703,2022W26,202207,07,2022
20220704,2022W27,202207,07,2022
20220705,2022W27,202207,07,2022
20220706,2022W27,202207,07,2022
20220707,2022W27,202207,07,2022
20220708,2022W27,202207,07,2022
20220709,2022W27,202207,07,2022
20220710,2022W27,202207,07,2022
20220711,2022W28,202207,07,2022
20220712,2022W28,202207,07,2022
20220713,2022W28,202207,07,2022
20220714,2022W28,202207,07,2022
20220715,2022W28,202207,07,2022
20220716,2022W28,202207,07,2022
20220717,2022W28,202207,07,2022
20220718,2022W29,202207,07,2022
20220719,2022W29,202207,07,2022
20220720,2022W29,202207,07,2022
20220721,2022W29,202207,07,2022
20220722,2022W29,202207,07,2022
20220723,2022W29,202207,07,2022
20220724,2022W29,202207,07,2022
20220725,2022W30,202207,07,2022
20220726,2022W30,202207,07,2022
20220727,2022W30,202207,07,2022
20220728,2022W30,202207,07,2022
20220729,2022W30,202207,07,2022
20220730,2022W30,202207,07,2022
20220731,2022W30,202207,07,2022
20220801,2022W31,202208,08,2022
20220802,2022W31,202208,08,2022
20220803,2022W31,202208,08,2022
20220804,2022W31,202208,08,2022
20220805,2022W31,202208,08,2022
20220806,2022W31,202208,08,2022
20220807,2022W31,202208,08,2022
20220808,2022W32,202208,08,2022
20220809,2022W32,202208,08,2022
20220810,2022W32,202208,08,2022
20220811,2022W32,202208,08,2022
20220812,2022W32,202208,08,2022
20220813,2022W32,202208,08,2022
20220814,2022W32,202208,08,2022
20220815,2022W33,202208,08,2022
20220816,2022W33,202208,08,2022
20220817,2022W33,202208,08,2022
20220818,2022W33,202208,08,2022
20220819,2022W33,202208,08,2022
20220820,2022W33,202208,08,2022
20220821,2022W33,202208,08,2022
20220822,2022W34,202208,08,2022
20220823,2022W34,202208,08,2022
20220824,2022W34,202208,08,2022
20220825,2022W34,202208,08,2022
20220826,2022W34,202208,08,2022
20220827,2022W34,202208,08,2022
20220828,2022W34,202208,08,2022
20220829,2022W35,202208,08,2022
20220830,2022W35,202208,08,2022
20220831,2022W35,202208,08,2022
20220901,2022W35,202209,09,2022
20220902,2022W35,202209,09,2022
20220903,2022W35,202209,09,2022
20220904,2022W35,202209,09,2022
20220905,2022W36,202209,09,2022
20220906,2022W36,202209,09,2022
20220907,2022W36,202209,09,2022
20220908,2022W36,202209,09,2022
20220909,2022W36,202209,09,2022
20220910,2022W36,202209,09,2022
20220911,2022W36,202209,09,2022
20220912,2022W37,202209,09,2022
20220913,2022W37,202209,09,2022
20220914,2022W37,202209,09,2022
20220915,2022W37,202209,09,2022
20220916,2022W37,202209,09,2022
20220917,2022W37,202209,09,2022
20220918,2022W37,202209,09,2022
20220919,2022W38,202209,09,2022
20220920,2022W38,202209,09,2022
20220921,2022W38,202209,09,2022
20220922,2022W38,202209,09,2022
20220923,2022W38,202209,09,2022
20220924,2022W38,202209,09,2022
20220925,2022W38,202209,09,2022
20220926,2022W39,202209,09,2022
20220927,2022W39,202209,09,2022
20220928,2022W39,202209,09,2022
20220929,2022W39,202209,09,2022
20220930,2022W39,202209,09,2022
20221001,2022W39,202210,10,2022
20221002,2022W39,202210,10,2022
20221003,2022W40,202210,10,2022
20221004,2022W40,202210,10,2022
20221005,2022W40,202210,10,2022
20221006,2022W40,202210,10,2022
20221007,2022W40,202210,10,2022
20221008,2022W40,202210,10,2022
20221009,2022W40,202210,10,2022
20221010,2022W41,202210,10,2022
20221011,2022W41,202210,10,2022
20221012,2022W41,202210,10,2022
20221013,2022W41,202210,10,2022
20221014,2022W41,202210,10,2022
20221015,2022W41,202210,10,2022
20221016,2022W41,202210,10,2022
20221017,2022W42,202210,10,2022
20221018,2022W42,202210,10,2022
20221019,2022W42,202210,10,2022
20221020,2022W42,202210,10,2022
20221021,2022W42,202210,10,2022
20221022,2022W42,202210,10,2022
20221023,2022W42,202210,10,2022
20221024,2022W43,202210,10,2022
20221025,2022W43,202210,10,2022
20221026,2022W43,202210,10,2022
20221027,2022W43,202210,10,2022
20221028,2022W43,202210,10,2022
20221029,2022W43,202210,10,2022
20221030,2022W43,202210,10,2022
20221031,2022W44,202210,10,2022
20221101,2022W44,202211,11,2022
20221102,2022W44,202211,11,2022
20221103,2022W44,202211,11,2022
20221104,2022W44,202211,11,2022
20221105,2022W44,202211,11,2022
20221106,2022W44,202211,11,2022
20221107,2022W45,202211,11,2022
20221108,2022W45,202211,11,2022
20221109,2022W45,202211,11,2022
20221110,2022W45,202211,11,2022
20221111,2022W45,202211,11,2022
20221112,2022W45,202211,11,2022
20221113,2022W45,202211,11,2022
20221114,2022W46,202211,11,2022
20221115,2022W46,202211,11,2022
20221116,2022W46,202211,11,2022
20221117,2022W46,202211,11,2022
20221118,2022W46,202211,11,2022
20221119,2022W46,202211,11,2022
20221120,2022W46,202211,11,2022
20221121,2022W47,202211,11,2022
20221122,2022W47,202211,11,2022
20221123,2022W47,202211,11,2022
20221124,2022W47,202211,11,2022
20221125,2022W47,202211,11,2022
20221126,2022W47,202211,11,2022
20221127,2022W47,202211,11,2022
20221128,2022W48,202211,11,2022
20221129,2022W48,202211,11,2022
20221130,2022W48,202211,11,2022
20221201,2022W48,202212,12,2022
20221202,2022W48,202212,12,2022
20221203,2022W48,202212,12,2022
20221204,2022W48,202212,12,2022
20221205,2022W49,202212,12,2022
20221206,2022W49,202212,12,2022
20221207,2022W49,202212,12,2022
20221208,2022W49,202212,12,2022
20221209,2022W49,202212,12,2022
20221210,2022W49,202212,12,2022
20221211,2022W49,202212,12,2022
20221212,2022W50,202212,12,2022
20221213,2022W50,202212,12,2022
20221214,2022W50,202212,12,2022
20221215,2022W50,202212,12,2022
20221216,2022W50,202212,12,2022
20221217,2022W50,202212,12,2022
20221218,2022W50,202212,12,2022
20221219,2022W51,202212,12,2022
20221220,2022W51,202212,12,2022
20221221,2022W51,202212,12,2022
20221222,2022W51,202212,12,2022
20221223,2022W51,202212,12,2022
20221224,2022W51,202212,12,2022
20221225,2022W51,202212,12,2022
20221226,2022W52,202212,12,2022
20221227,2022W52,202212,12,2022
20221228,2022W52,202212,12,2022
20221229,2022W52,202212,12,2022
20221230,2022W52,202212,12,2022
20221231,2022W52,202212,12,2022
